id,customerID
0,52
1,684
2,991
3,453
4,903
5,322
6,129
7,473
8,319
9,684
10,422
11,508
12,460
13,792
14,86
15,56
16,630
17,247
18,765
19,313
20,779
21,653
22,279
23,498
24,719
25,70
26,16
27,330
28,755
29,858
30,148
31,842
32,7
33,201
34,130
35,612
36,254
37,399
38,243
39,93
40,361
41,959
42,540
43,477
44,489
45,478
46,270
47,107
48,534
49,936
50,18
51,417
52,247
53,477
54,313
55,166
56,743
57,6
58,824
59,686
60,497
61,651
62,583
63,479
64,227
65,902
66,349
67,985
68,38
69,764
70,707
71,785
72,280
73,695
74,465
75,106
76,950
77,69
78,636
79,315
80,117
81,253
82,115
83,4
84,362
85,621
86,498
87,931
88,527
89,750
90,109
91,460
92,219
93,12
94,630
95,752
96,875
97,700
98,60
99,9
100,442
101,809
102,881
103,113
104,795
105,800
106,549
107,781
108,163
109,86
110,977
111,394
112,283
113,821
114,721
115,876
116,413
117,807
118,61
119,452
120,225
121,805
122,739
123,379
124,83
125,680
126,137
127,378
128,594
129,23
130,799
131,192
132,727
133,812
134,96
135,448
136,864
137,708
138,968
139,294
140,827
141,656
142,233
143,541
144,715
145,913
146,52
147,482
148,864
149,31
150,946
151,92
152,882
153,396
154,783
155,259
156,553
157,470
158,664
159,174
160,291
161,288
162,535
163,465
164,154
165,482
166,794
167,477
168,247
169,108
170,427
171,76
172,582
173,610
174,380
175,49
176,539
177,790
178,791
179,803
180,397
181,16
182,889
183,219
184,356
185,865
186,208
187,137
188,438
189,277
190,285
191,934
192,90
193,108
194,505
195,357
196,309
197,615
198,628
199,312
200,11
201,716
202,840
203,81
204,761
205,688
206,690
207,80
208,807
209,274
210,883
211,86
212,156
213,434
214,731
215,369
216,440
217,544
218,364
219,833
220,481
221,253
222,415
223,67
224,724
225,274
226,994
227,857
228,285
229,607
230,628
231,131
232,287
233,291
234,614
235,350
236,969
237,845
238,90
239,338
240,348
241,695
242,994
243,390
244,525
245,230
246,635
247,635
248,312
249,887
250,206
251,162
252,916
253,928
254,413
255,574
256,40
257,466
258,650
259,113
260,640
261,232
262,203
263,850
264,129
265,733
266,54
267,27
268,362
269,444
270,217
271,61
272,524
273,229
274,921
275,861
276,629
277,399
278,488
279,89
280,371
281,217
282,581
283,523
284,879
285,733
286,445
287,860
288,237
289,756
290,948
291,210
292,772
293,102
294,95
295,956
296,225
297,874
298,361
299,787
300,986
301,932
302,705
303,732
304,460
305,255
306,529
307,555
308,274
309,814
310,638
311,869
312,533
313,9
314,424
315,640
316,226
317,9
318,104
319,847
320,654
321,913
322,781
323,400
324,300
325,611
326,278
327,697
328,506
329,916
330,542
331,920
332,973
333,242
334,40
335,749
336,165
337,182
338,229
339,349
340,432
341,300
342,100
343,672
344,525
345,192
346,783
347,483
348,820
349,15
350,166
351,881
352,812
353,291
354,76
355,344
356,485
357,805
358,273
359,394
360,679
361,229
362,995
363,21
364,678
365,878
366,24
367,603
368,470
369,552
370,348
371,310
372,293
373,43
374,346
375,684
376,825
377,75
378,831
379,277
380,601
381,724
382,790
383,655
384,107
385,356
386,55
387,838
388,98
389,144
390,247
391,866
392,663
393,379
394,11
395,50
396,46
397,53
398,566
399,995
400,23
401,226
402,690
403,592
404,508
405,349
406,828
407,563
408,526
409,212
410,426
411,260
412,469
413,627
414,443
415,609
416,426
417,784
418,776
419,835
420,372
421,78
422,265
423,109
424,992
425,548
426,764
427,15
428,585
429,886
430,760
431,286
432,187
433,186
434,117
435,601
436,658
437,4
438,152
439,351
440,691
441,533
442,585
443,469
444,875
445,719
446,410
447,564
448,347
449,651
450,938
451,696
452,575
453,417
454,941
455,955
456,417
457,371
458,616
459,967
460,875
461,935
462,809
463,37
464,539
465,388
466,209
467,582
468,798
469,68
470,919
471,374
472,97
473,735
474,809
475,401
476,614
477,135
478,505
479,590
480,968
481,799
482,522
483,288
484,722
485,169
486,314
487,422
488,97
489,883
490,206
491,308
492,971
493,787
494,926
495,508
496,676
497,80
498,690
499,510
500,440
501,63
502,573
503,767
504,289
505,872
506,937
507,131
508,307
509,957
510,783
511,57
512,308
513,642
514,43
515,809
516,316
517,482
518,266
519,876
520,85
521,194
522,99
523,705
524,78
525,94
526,116
527,726
528,253
529,440
530,966
531,367
532,145
533,590
534,947
535,162
536,511
537,376
538,133
539,670
540,379
541,818
542,883
543,973
544,55
545,232
546,908
547,958
548,16
549,213
550,518
551,706
552,503
553,888
554,559
555,354
556,324
557,54
558,104
559,40
560,911
561,554
562,134
563,660
564,801
565,773
566,548
567,907
568,355
569,118
570,75
571,218
572,656
573,600
574,913
575,322
576,203
577,187
578,533
579,382
580,448
581,344
582,726
583,533
584,155
585,602
586,465
587,26
588,951
589,953
590,381
591,499
592,608
593,140
594,418
595,434
596,907
597,147
598,884
599,434
600,673
601,687
602,570
603,103
604,730
605,340
606,58
607,191
608,830
609,55
610,587
611,592
612,687
613,363
614,989
615,685
616,828
617,896
618,468
619,53
620,529
621,40
622,967
623,931
624,430
625,742
626,298
627,318
628,59
629,74
630,377
631,630
632,906
633,193
634,172
635,86
636,105
637,247
638,119
639,683
640,482
641,814
642,808
643,832
644,298
645,745
646,923
647,405
648,626
649,860
650,206
651,129
652,922
653,744
654,326
655,643
656,766
657,391
658,664
659,631
660,708
661,220
662,117
663,905
664,845
665,531
666,21
667,361
668,414
669,813
670,382
671,571
672,367
673,670
674,78
675,527
676,879
677,82
678,763
679,401
680,83
681,863
682,494
683,322
684,95
685,925
686,457
687,639
688,477
689,247
690,999
691,712
692,949
693,528
694,375
695,409
696,257
697,593
698,774
699,853
700,941
701,848
702,989
703,791
704,447
705,545
706,462
707,310
708,172
709,480
710,653
711,622
712,374
713,261
714,882
715,162
716,517
717,335
718,666
719,901
720,569
721,117
722,781
723,308
724,57
725,238
726,849
727,578
728,462
729,721
730,595
731,454
732,197
733,218
734,789
735,331
736,380
737,765
738,647
739,981
740,678
741,817
742,89
743,289
744,699
745,362
746,801
747,468
748,317
749,505
750,515
751,993
752,463
753,40
754,77
755,183
756,814
757,399
758,517
759,28
760,9
761,618
762,636
763,640
764,461
765,21
766,675
767,770
768,931
769,210
770,254
771,289
772,476
773,994
774,587
775,190
776,69
777,491
778,907
779,288
780,742
781,549
782,289
783,635
784,753
785,507
786,823
787,685
788,726
789,490
790,878
791,390
792,780
793,908
794,797
795,274
796,813
797,252
798,309
799,145
800,543
801,249
802,468
803,657
804,136
805,454
806,334
807,598
808,271
809,271
810,781
811,676
812,385
813,423
814,446
815,686
816,220
817,206
818,414
819,368
820,807
821,87
822,942
823,275
824,210
825,75
826,114
827,259
828,853
829,155
830,488
831,657
832,344
833,512
834,253
835,110
836,528
837,753
838,783
839,812
840,463
841,35
842,12
843,158
844,26
845,138
846,644
847,429
848,14
849,565
850,501
851,707
852,928
853,925
854,397
855,817
856,639
857,543
858,752
859,751
860,160
861,754
862,29
863,194
864,42
865,831
866,295
867,534
868,242
869,141
870,290
871,97
872,43
873,240
874,446
875,862
876,701
877,93
878,406
879,710
880,79
881,344
882,16
883,903
884,102
885,847
886,312
887,159
888,606
889,379
890,36
891,498
892,735
893,649
894,174
895,924
896,627
897,490
898,88
899,484
900,224
901,627
902,257
903,402
904,765
905,429
906,939
907,160
908,106
909,533
910,908
911,277
912,661
913,907
914,713
915,262
916,552
917,330
918,137
919,818
920,804
921,393
922,977
923,637
924,940
925,476
926,890
927,469
928,328
929,828
930,775
931,525
932,165
933,338
934,592
935,389
936,10
937,834
938,984
939,382
940,555
941,459
942,821
943,54
944,158
945,494
946,68
947,565
948,782
949,252
950,958
951,736
952,771
953,928
954,193
955,938
956,235
957,23
958,627
959,434
960,205
961,1
962,416
963,2
964,646
965,926
966,96
967,666
968,760
969,705
970,64
971,987
972,271
973,554
974,623
975,222
976,674
977,411
978,722
979,109
980,854
981,72
982,936
983,810
984,381
985,954
986,218
987,416
988,435
989,414
990,937
991,253
992,187
993,849
994,43
995,597
996,631
997,870
998,614
999,754
1000,919
1001,917
1002,345
1003,750
1004,234
1005,926
1006,182
1007,173
1008,932
1009,364
1010,704
1011,485
1012,807
1013,169
1014,822
1015,978
1016,906
1017,451
1018,652
1019,908
1020,995
1021,42
1022,826
1023,524
1024,294
1025,526
1026,26
1027,165
1028,710
1029,151
1030,348
1031,983
1032,398
1033,210
1034,633
1035,633
1036,828
1037,575
1038,356
1039,554
1040,166
1041,635
1042,468
1043,976
1044,848
1045,328
1046,920
1047,168
1048,522
1049,521
1050,545
1051,613
1052,568
1053,196
1054,694
1055,115
1056,284
1057,754
1058,550
1059,533
1060,970
1061,472
1062,395
1063,135
1064,474
1065,552
1066,961
1067,63
1068,715
1069,254
1070,347
1071,55
1072,651
1073,782
1074,477
1075,82
1076,600
1077,747
1078,862
1079,45
1080,523
1081,758
1082,856
1083,997
1084,637
1085,56
1086,998
1087,55
1088,836
1089,868
1090,790
1091,708
1092,369
1093,192
1094,818
1095,419
1096,753
1097,994
1098,53
1099,665
1100,102
1101,950
1102,207
1103,590
1104,544
1105,872
1106,691
1107,273
1108,905
1109,450
1110,188
1111,324
1112,672
1113,205
1114,613
1115,976
1116,330
1117,442
1118,268
1119,24
1120,578
1121,699
1122,111
1123,532
1124,552
1125,383
1126,222
1127,852
1128,176
1129,294
1130,405
1131,400
1132,301
1133,184
1134,563
1135,965
1136,118
1137,385
1138,734
1139,74
1140,743
1141,570
1142,526
1143,686
1144,353
1145,620
1146,950
1147,902
1148,588
1149,576
1150,81
1151,232
1152,232
1153,413
1154,73
1155,621
1156,198
1157,598
1158,541
1159,686
1160,815
1161,438
1162,822
1163,343
1164,390
1165,245
1166,337
1167,910
1168,863
1169,94
1170,382
1171,255
1172,509
1173,258
1174,762
1175,950
1176,499
1177,208
1178,721
1179,30
1180,437
1181,25
1182,377
1183,920
1184,143
1185,403
1186,447
1187,876
1188,363
1189,427
1190,590
1191,697
1192,544
1193,744
1194,289
1195,577
1196,968
1197,208
1198,48
1199,792
1200,234
1201,799
1202,626
1203,529
1204,461
1205,76
1206,588
1207,47
1208,716
1209,204
1210,688
1211,112
1212,423
1213,241
1214,62
1215,499
1216,650
1217,206
1218,455
1219,563
1220,823
1221,594
1222,684
1223,449
1224,736
1225,117
1226,525
1227,612
1228,824
1229,859
1230,358
1231,354
1232,280
1233,847
1234,647
1235,562
1236,134
1237,722
1238,58
1239,716
1240,227
1241,484
1242,291
1243,169
1244,342
1245,122
1246,495
1247,85
1248,567
1249,436
1250,549
1251,906
1252,619
1253,71
1254,995
1255,963
1256,467
1257,324
1258,321
1259,365
1260,920
1261,35
1262,881
1263,424
1264,604
1265,291
1266,672
1267,336
1268,217
1269,449
1270,8
1271,961
1272,249
1273,866
1274,621
1275,971
1276,447
1277,981
1278,938
1279,77
1280,11
1281,91
1282,951
1283,703
1284,653
1285,662
1286,764
1287,659
1288,206
1289,164
1290,567
1291,489
1292,737
1293,650
1294,873
1295,391
1296,280
1297,854
1298,860
1299,185
1300,886
1301,250
1302,820
1303,753
1304,378
1305,650
1306,291
1307,271
1308,300
1309,282
1310,190
1311,758
1312,766
1313,417
1314,78
1315,990
1316,901
1317,616
1318,983
1319,445
1320,445
1321,468
1322,794
1323,33
1324,724
1325,970
1326,997
1327,792
1328,760
1329,588
1330,779
1331,944
1332,681
1333,151
1334,867
1335,114
1336,724
1337,174
1338,691
1339,457
1340,349
1341,408
1342,430
1343,462
1344,873
1345,622
1346,443
1347,581
1348,2
1349,531
1350,895
1351,726
1352,459
1353,604
1354,594
1355,926
1356,932
1357,226
1358,293
1359,569
1360,386
1361,322
1362,163
1363,384
1364,387
1365,616
1366,624
1367,519
1368,42
1369,253
1370,784
1371,117
1372,295
1373,145
1374,184
1375,207
1376,180
1377,19
1378,753
1379,420
1380,97
1381,838
1382,522
1383,64
1384,340
1385,133
1386,502
1387,595
1388,368
1389,186
1390,649
1391,769
1392,70
1393,852
1394,471
1395,587
1396,110
1397,49
1398,388
1399,389
1400,649
1401,924
1402,715
1403,131
1404,7
1405,641
1406,485
1407,441
1408,89
1409,990
1410,971
1411,450
1412,449
1413,538
1414,663
1415,266
1416,364
1417,283
1418,663
1419,982
1420,535
1421,200
1422,289
1423,846
1424,137
1425,13
1426,445
1427,184
1428,438
1429,925
1430,500
1431,538
1432,862
1433,55
1434,700
1435,239
1436,731
1437,761
1438,553
1439,399
1440,380
1441,655
1442,851
1443,113
1444,710
1445,295
1446,722
1447,276
1448,742
1449,489
1450,438
1451,298
1452,931
1453,667
1454,86
1455,709
1456,487
1457,429
1458,837
1459,54
1460,656
1461,952
1462,947
1463,232
1464,919
1465,722
1466,151
1467,407
1468,43
1469,445
1470,89
1471,313
1472,400
1473,751
1474,55
1475,417
1476,785
1477,877
1478,95
1479,643
1480,54
1481,794
1482,541
1483,986
1484,467
1485,191
1486,627
1487,643
1488,351
1489,962
1490,286
1491,338
1492,230
1493,321
1494,795
1495,96
1496,305
1497,204
1498,351
1499,156
1500,891
1501,201
1502,819
1503,222
1504,170
1505,353
1506,876
1507,901
1508,965
1509,295
1510,675
1511,151
1512,871
1513,638
1514,954
1515,808
1516,988
1517,725
1518,235
1519,187
1520,19
1521,778
1522,339
1523,217
1524,89
1525,741
1526,382
1527,229
1528,676
1529,876
1530,99
1531,432
1532,325
1533,146
1534,823
1535,778
1536,50
1537,12
1538,238
1539,492
1540,64
1541,166
1542,172
1543,997
1544,600
1545,981
1546,306
1547,538
1548,758
1549,868
1550,211
1551,758
1552,177
1553,7
1554,623
1555,577
1556,40
1557,794
1558,603
1559,207
1560,208
1561,361
1562,831
1563,837
1564,83
1565,639
1566,720
1567,321
1568,678
1569,313
1570,574
1571,947
1572,715
1573,621
1574,668
1575,517
1576,244
1577,453
1578,113
1579,238
1580,955
1581,147
1582,530
1583,389
1584,519
1585,6
1586,473
1587,451
1588,946
1589,880
1590,530
1591,52
1592,838
1593,782
1594,361
1595,513
1596,265
1597,692
1598,714
1599,508
1600,726
1601,815
1602,985
1603,924
1604,374
1605,630
1606,249
1607,314
1608,211
1609,174
1610,839
1611,962
1612,219
1613,371
1614,1
1615,481
1616,368
1617,481
1618,126
1619,48
1620,963
1621,100
1622,732
1623,192
1624,271
1625,116
1626,508
1627,175
1628,258
1629,946
1630,412
1631,894
1632,976
1633,484
1634,681
1635,142
1636,398
1637,426
1638,999
1639,378
1640,858
1641,81
1642,201
1643,605
1644,529
1645,945
1646,292
1647,651
1648,679
1649,185
1650,264
1651,437
1652,928
1653,694
1654,990
1655,123
1656,465
1657,507
1658,537
1659,757
1660,113
1661,191
1662,716
1663,435
1664,329
1665,592
1666,84
1667,134
1668,391
1669,120
1670,493
1671,435
1672,322
1673,680
1674,935
1675,886
1676,560
1677,269
1678,782
1679,91
1680,603
1681,846
1682,918
1683,68
1684,611
1685,732
1686,440
1687,997
1688,908
1689,68
1690,648
1691,609
1692,330
1693,203
1694,45
1695,145
1696,11
1697,422
1698,764
1699,642
1700,5
1701,567
1702,535
1703,209
1704,357
1705,684
1706,575
1707,374
1708,998
1709,754
1710,286
1711,113
1712,372
1713,327
1714,381
1715,698
1716,368
1717,40
1718,88
1719,885
1720,62
1721,381
1722,994
1723,558
1724,780
1725,454
1726,592
1727,283
1728,620
1729,668
1730,682
1731,498
1732,929
1733,581
1734,409
1735,755
1736,96
1737,845
1738,487
1739,535
1740,887
1741,347
1742,334
1743,56
1744,576
1745,604
1746,263
1747,785
1748,526
1749,296
1750,202
1751,520
1752,642
1753,151
1754,142
1755,23
1756,299
1757,579
1758,887
1759,727
1760,847
1761,352
1762,331
1763,402
1764,424
1765,523
1766,933
1767,713
1768,419
1769,620
1770,937
1771,993
1772,60
1773,221
1774,205
1775,592
1776,47
1777,442
1778,323
1779,240
1780,219
1781,674
1782,552
1783,936
1784,445
1785,194
1786,82
1787,367
1788,871
1789,529
1790,974
1791,21
1792,589
1793,50
1794,83
1795,80
1796,369
1797,193
1798,670
1799,215
1800,813
1801,860
1802,969
1803,273
1804,447
1805,447
1806,21
1807,69
1808,806
1809,631
1810,711
1811,981
1812,72
1813,41
1814,287
1815,604
1816,92
1817,796
1818,83
1819,393
1820,200
1821,907
1822,567
1823,837
1824,811
1825,982
1826,548
1827,445
1828,786
1829,545
1830,731
1831,136
1832,446
1833,492
1834,722
1835,561
1836,320
1837,363
1838,448
1839,747
1840,204
1841,515
1842,997
1843,621
1844,966
1845,448
1846,635
1847,376
1848,902
1849,702
1850,497
1851,62
1852,740
1853,857
1854,243
1855,122
1856,585
1857,5
1858,851
1859,172
1860,873
1861,883
1862,951
1863,956
1864,751
1865,751
1866,975
1867,891
1868,43
1869,294
1870,225
1871,206
1872,564
1873,900
1874,471
1875,945
1876,442
1877,854
1878,256
1879,260
1880,92
1881,207
1882,183
1883,483
1884,50
1885,355
1886,55
1887,407
1888,857
1889,242
1890,704
1891,321
1892,789
1893,645
1894,487
1895,690
1896,43
1897,134
1898,424
1899,377
1900,10
1901,118
1902,128
1903,755
1904,318
1905,360
1906,677
1907,961
1908,108
1909,25
1910,662
1911,893
1912,718
1913,874
1914,893
1915,884
1916,906
1917,313
1918,774
1919,297
1920,765
1921,633
1922,484
1923,437
1924,339
1925,829
1926,249
1927,229
1928,164
1929,341
1930,577
1931,243
1932,293
1933,720
1934,830
1935,981
1936,648
1937,863
1938,228
1939,829
1940,113
1941,431
1942,512
1943,471
1944,299
1945,490
1946,424
1947,22
1948,891
1949,334
1950,347
1951,544
1952,721
1953,815
1954,361
1955,116
1956,719
1957,54
1958,873
1959,647
1960,93
1961,234
1962,889
1963,230
1964,270
1965,119
1966,702
1967,42
1968,846
1969,283
1970,309
1971,268
1972,91
1973,2
1974,789
1975,712
1976,437
1977,805
1978,858
1979,130
1980,752
1981,606
1982,53
1983,487
1984,347
1985,629
1986,793
1987,904
1988,900
1989,598
1990,798
1991,587
1992,926
1993,836
1994,890
1995,209
1996,449
1997,976
1998,695
1999,406
2000,834
2001,168
2002,283
2003,982
2004,692
2005,346
2006,948
2007,720
2008,132
2009,324
2010,111
2011,279
2012,757
2013,946
2014,100
2015,318
2016,739
2017,401
2018,227
2019,685
2020,312
2021,609
2022,104
2023,3
2024,878
2025,806
2026,804
2027,159
2028,375
2029,360
2030,485
2031,17
2032,89
2033,736
2034,301
2035,569
2036,698
2037,375
2038,405
2039,802
2040,230
2041,862
2042,317
2043,467
2044,644
2045,266
2046,97
2047,102
2048,925
2049,49
2050,413
2051,84
2052,554
2053,633
2054,571
2055,511
2056,729
2057,588
2058,313
2059,854
2060,554
2061,954
2062,614
2063,424
2064,658
2065,14
2066,551
2067,417
2068,373
2069,374
2070,417
2071,946
2072,367
2073,194
2074,81
2075,715
2076,570
2077,95
2078,757
2079,645
2080,287
2081,743
2082,247
2083,777
2084,867
2085,92
2086,793
2087,642
2088,274
2089,455
2090,224
2091,274
2092,533
2093,313
2094,622
2095,203
2096,652
2097,776
2098,484
2099,399
2100,559
2101,350
2102,453
2103,712
2104,497
2105,851
2106,164
2107,673
2108,206
2109,20
2110,707
2111,199
2112,920
2113,894
2114,375
2115,906
2116,216
2117,295
2118,596
2119,141
2120,556
2121,685
2122,431
2123,419
2124,570
2125,320
2126,901
2127,789
2128,160
2129,219
2130,181
2131,645
2132,587
2133,522
2134,873
2135,346
2136,926
2137,124
2138,919
2139,999
2140,836
2141,575
2142,239
2143,263
2144,231
2145,894
2146,971
2147,824
2148,579
2149,310
2150,451
2151,758
2152,760
2153,55
2154,170
2155,977
2156,93
2157,674
2158,1
2159,348
2160,111
2161,115
2162,930
2163,938
2164,410
2165,973
2166,240
2167,113
2168,380
2169,936
2170,66
2171,59
2172,284
2173,193
2174,35
2175,908
2176,166
2177,88
2178,629
2179,418
2180,865
2181,314
2182,756
2183,89
2184,357
2185,850
2186,360
2187,569
2188,369
2189,464
2190,874
2191,7
2192,56
2193,688
2194,249
2195,914
2196,182
2197,499
2198,983
2199,955
2200,630
2201,151
2202,215
2203,260
2204,304
2205,505
2206,89
2207,256
2208,466
2209,978
2210,141
2211,980
2212,548
2213,769
2214,295
2215,22
2216,374
2217,15
2218,813
2219,542
2220,209
2221,370
2222,78
2223,995
2224,450
2225,530
2226,928
2227,606
2228,783
2229,211
2230,788
2231,563
2232,662
2233,474
2234,956
2235,414
2236,32
2237,558
2238,131
2239,585
2240,926
2241,412
2242,760
2243,690
2244,963
2245,904
2246,596
2247,433
2248,749
2249,700
2250,6
2251,587
2252,139
2253,76
2254,396
2255,168
2256,987
2257,350
2258,383
2259,647
2260,968
2261,265
2262,578
2263,196
2264,502
2265,564
2266,723
2267,738
2268,948
2269,774
2270,82
2271,253
2272,749
2273,955
2274,367
2275,733
2276,652
2277,401
2278,331
2279,358
2280,934
2281,92
2282,423
2283,908
2284,335
2285,979
2286,922
2287,324
2288,10
2289,559
2290,604
2291,943
2292,554
2293,992
2294,324
2295,580
2296,744
2297,302
2298,376
2299,520
2300,307
2301,769
2302,726
2303,623
2304,218
2305,218
2306,267
2307,583
2308,214
2309,343
2310,506
2311,681
2312,845
2313,305
2314,959
2315,896
2316,799
2317,737
2318,119
2319,50
2320,342
2321,818
2322,848
2323,414
2324,787
2325,763
2326,520
2327,276
2328,509
2329,536
2330,132
2331,473
2332,84
2333,361
2334,541
2335,406
2336,613
2337,888
2338,531
2339,573
2340,83
2341,398
2342,227
2343,228
2344,389
2345,220
2346,680
2347,208
2348,245
2349,798
2350,848
2351,673
2352,609
2353,271
2354,4
2355,522
2356,70
2357,94
2358,156
2359,309
2360,534
2361,653
2362,596
2363,550
2364,762
2365,368
2366,447
2367,860
2368,342
2369,66
2370,95
2371,331
2372,123
2373,332
2374,103
2375,189
2376,275
2377,674
2378,777
2379,97
2380,861
2381,733
2382,928
2383,790
2384,16
2385,786
2386,571
2387,484
2388,212
2389,563
2390,887
2391,813
2392,758
2393,956
2394,653
2395,195
2396,266
2397,791
2398,161
2399,77
2400,821
2401,40
2402,848
2403,478
2404,494
2405,123
2406,620
2407,1
2408,44
2409,839
2410,295
2411,498
2412,82
2413,558
2414,667
2415,836
2416,60
2417,581
2418,244
2419,277
2420,471
2421,128
2422,548
2423,191
2424,63
2425,423
2426,376
2427,634
2428,640
2429,79
2430,495
2431,302
2432,676
2433,881
2434,426
2435,884
2436,880
2437,180
2438,665
2439,771
2440,762
2441,170
2442,416
2443,114
2444,408
2445,295
2446,270
2447,47
2448,774
2449,745
2450,900
2451,726
2452,215
2453,508
2454,153
2455,823
2456,619
2457,329
2458,981
2459,756
2460,647
2461,98
2462,55
2463,405
2464,429
2465,694
2466,868
2467,394
2468,423
2469,4
2470,364
2471,649
2472,870
2473,28
2474,764
2475,885
2476,530
2477,684
2478,461
2479,184
2480,877
2481,46
2482,41
2483,83
2484,746
2485,388
2486,693
2487,414
2488,218
2489,156
2490,834
2491,496
2492,45
2493,713
2494,637
2495,509
2496,706
2497,368
2498,238
2499,444
2500,209
2501,697
2502,454
2503,620
2504,705
2505,952
2506,840
2507,980
2508,771
2509,155
2510,973
2511,587
2512,339
2513,816
2514,544
2515,659
2516,783
2517,914
2518,204
2519,57
2520,265
2521,385
2522,827
2523,480
2524,788
2525,604
2526,504
2527,64
2528,766
2529,569
2530,855
2531,469
2532,860
2533,184
2534,250
2535,331
2536,13
2537,258
2538,345
2539,659
2540,561
2541,82
2542,576
2543,417
2544,651
2545,143
2546,266
2547,165
2548,385
2549,677
2550,935
2551,149
2552,708
2553,165
2554,503
2555,959
2556,260
2557,583
2558,940
2559,578
2560,236
2561,380
2562,630
2563,857
2564,795
2565,378
2566,219
2567,641
2568,975
2569,69
2570,692
2571,608
2572,494
2573,758
2574,824
2575,269
2576,995
2577,246
2578,50
2579,872
2580,461
2581,75
2582,951
2583,549
2584,73
2585,621
2586,265
2587,224
2588,506
2589,190
2590,280
2591,652
2592,305
2593,894
2594,754
2595,268
2596,692
2597,297
2598,588
2599,757
2600,221
2601,848
2602,372
2603,872
2604,382
2605,817
2606,291
2607,83
2608,42
2609,741
2610,130
2611,7
2612,202
2613,372
2614,272
2615,991
2616,860
2617,118
2618,156
2619,786
2620,660
2621,983
2622,674
2623,476
2624,774
2625,375
2626,924
2627,675
2628,261
2629,378
2630,416
2631,713
2632,589
2633,737
2634,388
2635,134
2636,532
2637,140
2638,930
2639,937
2640,980
2641,61
2642,144
2643,186
2644,646
2645,460
2646,362
2647,865
2648,263
2649,680
2650,934
2651,902
2652,118
2653,631
2654,201
2655,723
2656,289
2657,511
2658,390
2659,601
2660,695
2661,442
2662,377
2663,74
2664,278
2665,525
2666,803
2667,353
2668,952
2669,374
2670,336
2671,508
2672,315
2673,205
2674,377
2675,415
2676,433
2677,942
2678,981
2679,84
2680,95
2681,229
2682,379
2683,815
2684,236
2685,514
2686,697
2687,318
2688,692
2689,94
2690,151
2691,458
2692,746
2693,780
2694,178
2695,446
2696,281
2697,887
2698,136
2699,72
2700,964
2701,632
2702,821
2703,87
2704,717
2705,767
2706,187
2707,860
2708,789
2709,95
2710,408
2711,923
2712,618
2713,222
2714,166
2715,49
2716,968
2717,66
2718,666
2719,748
2720,625
2721,195
2722,595
2723,948
2724,961
2725,743
2726,405
2727,765
2728,721
2729,538
2730,861
2731,974
2732,991
2733,534
2734,237
2735,317
2736,280
2737,647
2738,111
2739,687
2740,763
2741,524
2742,749
2743,6
2744,397
2745,194
2746,948
2747,34
2748,790
2749,36
2750,161
2751,884
2752,547
2753,82
2754,997
2755,59
2756,489
2757,556
2758,438
2759,430
2760,371
2761,388
2762,537
2763,454
2764,21
2765,386
2766,323
2767,260
2768,952
2769,153
2770,837
2771,520
2772,686
2773,33
2774,546
2775,235
2776,298
2777,306
2778,85
2779,880
2780,855
2781,889
2782,628
2783,129
2784,755
2785,303
2786,545
2787,491
2788,184
2789,70
2790,997
2791,3
2792,243
2793,723
2794,190
2795,302
2796,190
2797,894
2798,142
2799,949
2800,86
2801,61
2802,547
2803,644
2804,282
2805,790
2806,903
2807,211
2808,493
2809,980
2810,243
2811,858
2812,201
2813,470
2814,80
2815,290
2816,127
2817,424
2818,531
2819,683
2820,756
2821,421
2822,137
2823,802
2824,287
2825,996
2826,102
2827,1
2828,468
2829,699
2830,660
2831,856
2832,193
2833,684
2834,820
2835,422
2836,934
2837,258
2838,374
2839,732
2840,339
2841,831
2842,284
2843,587
2844,829
2845,969
2846,840
2847,373
2848,451
2849,649
2850,690
2851,437
2852,351
2853,946
2854,501
2855,824
2856,397
2857,226
2858,621
2859,360
2860,340
2861,453
2862,685
2863,174
2864,57
2865,935
2866,562
2867,56
2868,282
2869,619
2870,333
2871,594
2872,603
2873,463
2874,984
2875,436
2876,747
2877,973
2878,815
2879,814
2880,200
2881,178
2882,674
2883,814
2884,219
2885,806
2886,234
2887,158
2888,466
2889,227
2890,125
2891,884
2892,56
2893,270
2894,956
2895,958
2896,424
2897,380
2898,482
2899,138
2900,365
2901,634
2902,356
2903,763
2904,13
2905,930
2906,169
2907,72
2908,392
2909,481
2910,945
2911,36
2912,520
2913,523
2914,430
2915,835
2916,591
2917,422
2918,403
2919,748
2920,838
2921,441
2922,970
2923,709
2924,901
2925,880
2926,310
2927,834
2928,36
2929,494
2930,619
2931,713
2932,98
2933,777
2934,719
2935,636
2936,804
2937,94
2938,288
2939,524
2940,690
2941,282
2942,596
2943,814
2944,8
2945,523
2946,670
2947,223
2948,712
2949,178
2950,543
2951,37
2952,202
2953,589
2954,468
2955,298
2956,436
2957,256
2958,249
2959,895
2960,616
2961,255
2962,134
2963,401
2964,700
2965,457
2966,997
2967,800
2968,27
2969,315
2970,867
2971,394
2972,36
2973,442
2974,292
2975,990
2976,958
2977,784
2978,680
2979,896
2980,82
2981,361
2982,839
2983,885
2984,496
2985,155
2986,118
2987,629
2988,817
2989,248
2990,77
2991,413
2992,867
2993,587
2994,775
2995,731
2996,714
2997,165
2998,191
2999,422
3000,130
3001,658
3002,682
3003,561
3004,283
3005,774
3006,245
3007,765
3008,586
3009,832
3010,827
3011,613
3012,970
3013,863
3014,787
3015,708
3016,303
3017,328
3018,621
3019,302
3020,469
3021,729
3022,742
3023,998
3024,312
3025,525
3026,575
3027,491
3028,387
3029,528
3030,836
3031,334
3032,712
3033,951
3034,116
3035,282
3036,623
3037,328
3038,93
3039,533
3040,978
3041,141
3042,559
3043,686
3044,497
3045,817
3046,233
3047,512
3048,595
3049,736
3050,643
3051,815
3052,560
3053,43
3054,413
3055,145
3056,443
3057,179
3058,54
3059,889
3060,723
3061,486
3062,258
3063,26
3064,847
3065,160
3066,21
3067,150
3068,220
3069,240
3070,700
3071,187
3072,961
3073,661
3074,231
3075,961
3076,955
3077,332
3078,896
3079,447
3080,383
3081,891
3082,860
3083,102
3084,425
3085,266
3086,119
3087,716
3088,945
3089,519
3090,363
3091,787
3092,708
3093,657
3094,297
3095,768
3096,913
3097,186
3098,839
3099,952
3100,859
3101,810
3102,697
3103,870
3104,155
3105,427
3106,990
3107,856
3108,263
3109,527
3110,706
3111,106
3112,581
3113,612
3114,836
3115,229
3116,324
3117,46
3118,892
3119,319
3120,672
3121,682
3122,440
3123,123
3124,510
3125,241
3126,814
3127,220
3128,309
3129,145
3130,219
3131,536
3132,308
3133,874
3134,201
3135,617
3136,234
3137,483
3138,566
3139,834
3140,493
3141,514
3142,993
3143,623
3144,609
3145,917
3146,479
3147,776
3148,937
3149,72
3150,988
3151,98
3152,618
3153,447
3154,493
3155,925
3156,815
3157,284
3158,81
3159,726
3160,493
3161,414
3162,425
3163,712
3164,137
3165,887
3166,62
3167,961
3168,53
3169,549
3170,167
3171,841
3172,670
3173,803
3174,472
3175,369
3176,24
3177,843
3178,19
3179,202
3180,957
3181,291
3182,41
3183,891
3184,727
3185,952
3186,742
3187,364
3188,744
3189,491
3190,483
3191,866
3192,596
3193,494
3194,708
3195,280
3196,47
3197,329
3198,466
3199,744
3200,67
3201,792
3202,639
3203,667
3204,355
3205,660
3206,279
3207,68
3208,103
3209,631
3210,835
3211,883
3212,677
3213,524
3214,885
3215,222
3216,140
3217,556
3218,525
3219,294
3220,627
3221,753
3222,199
3223,479
3224,952
3225,868
3226,418
3227,318
3228,570
3229,271
3230,894
3231,819
3232,839
3233,735
3234,620
3235,591
3236,172
3237,739
3238,160
3239,892
3240,951
3241,401
3242,832
3243,293
3244,585
3245,688
3246,511
3247,228
3248,461
3249,906
3250,611
3251,757
3252,701
3253,680
3254,914
3255,223
3256,271
3257,753
3258,837
3259,408
3260,649
3261,143
3262,710
3263,311
3264,106
3265,406
3266,246
3267,161
3268,431
3269,697
3270,504
3271,565
3272,676
3273,197
3274,106
3275,177
3276,127
3277,824
3278,906
3279,771
3280,559
3281,314
3282,260
3283,611
3284,26
3285,28
3286,22
3287,720
3288,883
3289,97
3290,913
3291,417
3292,193
3293,930
3294,959
3295,890
3296,858
3297,902
3298,280
3299,749
3300,138
3301,795
3302,77
3303,768
3304,875
3305,738
3306,13
3307,200
3308,406
3309,155
3310,503
3311,624
3312,951
3313,16
3314,402
3315,795
3316,53
3317,86
3318,307
3319,44
3320,297
3321,667
3322,86
3323,551
3324,938
3325,928
3326,19
3327,445
3328,24
3329,253
3330,788
3331,345
3332,751
3333,91
3334,402
3335,581
3336,396
3337,116
3338,176
3339,384
3340,685
3341,989
3342,612
3343,853
3344,990
3345,322
3346,664
3347,791
3348,26
3349,480
3350,377
3351,925
3352,952
3353,466
3354,531
3355,801
3356,613
3357,79
3358,386
3359,862
3360,27
3361,692
3362,677
3363,888
3364,746
3365,916
3366,106
3367,999
3368,933
3369,547
3370,635
3371,220
3372,66
3373,128
3374,775
3375,674
3376,699
3377,73
3378,541
3379,782
3380,39
3381,531
3382,558
3383,602
3384,881
3385,736
3386,73
3387,622
3388,917
3389,70
3390,228
3391,636
3392,658
3393,405
3394,372
3395,132
3396,433
3397,837
3398,72
3399,969
3400,790
3401,864
3402,366
3403,765
3404,47
3405,244
3406,146
3407,209
3408,997
3409,234
3410,68
3411,921
3412,360
3413,348
3414,905
3415,944
3416,352
3417,235
3418,532
3419,418
3420,487
3421,515
3422,445
3423,327
3424,371
3425,718
3426,71
3427,873
3428,602
3429,427
3430,520
3431,840
3432,551
3433,262
3434,127
3435,835
3436,737
3437,104
3438,731
3439,903
3440,220
3441,848
3442,438
3443,330
3444,254
3445,395
3446,511
3447,933
3448,953
3449,406
3450,100
3451,269
3452,299
3453,857
3454,888
3455,797
3456,697
3457,754
3458,943
3459,584
3460,366
3461,197
3462,919
3463,388
3464,206
3465,819
3466,933
3467,362
3468,63
3469,867
3470,266
3471,931
3472,430
3473,843
3474,784
3475,342
3476,43
3477,989
3478,755
3479,418
3480,226
3481,303
3482,743
3483,796
3484,766
3485,318
3486,891
3487,64
3488,454
3489,235
3490,857
3491,65
3492,86
3493,436
3494,883
3495,805
3496,69
3497,667
3498,652
3499,602
3500,964
3501,612
3502,28
3503,316
3504,984
3505,166
3506,114
3507,334
3508,813
3509,981
3510,74
3511,394
3512,259
3513,929
3514,467
3515,343
3516,598
3517,631
3518,53
3519,69
3520,537
3521,664
3522,966
3523,204
3524,29
3525,253
3526,384
3527,301
3528,532
3529,150
3530,363
3531,562
3532,393
3533,8
3534,778
3535,556
3536,680
3537,521
3538,609
3539,434
3540,514
3541,732
3542,280
3543,768
3544,267
3545,162
3546,49
3547,824
3548,351
3549,373
3550,351
3551,878
3552,957
3553,165
3554,715
3555,859
3556,686
3557,788
3558,703
3559,943
3560,706
3561,130
3562,288
3563,986
3564,739
3565,215
3566,254
3567,968
3568,67
3569,674
3570,6
3571,368
3572,43
3573,539
3574,975
3575,887
3576,356
3577,38
3578,522
3579,65
3580,609
3581,171
3582,393
3583,565
3584,748
3585,731
3586,220
3587,343
3588,681
3589,17
3590,898
3591,609
3592,877
3593,940
3594,4
3595,458
3596,173
3597,332
3598,581
3599,817
3600,392
3601,760
3602,619
3603,734
3604,104
3605,194
3606,917
3607,895
3608,966
3609,854
3610,258
3611,840
3612,155
3613,495
3614,379
3615,722
3616,197
3617,863
3618,920
3619,674
3620,639
3621,713
3622,88
3623,245
3624,929
3625,197
3626,720
3627,356
3628,510
3629,754
3630,657
3631,241
3632,493
3633,192
3634,614
3635,20
3636,232
3637,8
3638,721
3639,294
3640,906
3641,792
3642,224
3643,242
3644,940
3645,64
3646,5
3647,717
3648,77
3649,636
3650,695
3651,401
3652,70
3653,432
3654,79
3655,482
3656,447
3657,583
3658,818
3659,993
3660,513
3661,70
3662,540
3663,731
3664,294
3665,958
3666,614
3667,397
3668,123
3669,860
3670,668
3671,393
3672,395
3673,506
3674,765
3675,840
3676,771
3677,598
3678,661
3679,465
3680,221
3681,16
3682,762
3683,622
3684,928
3685,624
3686,390
3687,113
3688,460
3689,503
3690,706
3691,852
3692,165
3693,46
3694,441
3695,218
3696,599
3697,952
3698,603
3699,168
3700,103
3701,832
3702,178
3703,568
3704,42
3705,451
3706,745
3707,351
3708,343
3709,500
3710,699
3711,837
3712,359
3713,560
3714,51
3715,630
3716,996
3717,303
3718,746
3719,542
3720,186
3721,972
3722,90
3723,854
3724,488
3725,564
3726,666
3727,807
3728,661
3729,638
3730,343
3731,693
3732,847
3733,579
3734,636
3735,577
3736,3
3737,116
3738,978
3739,391
3740,923
3741,591
3742,828
3743,648
3744,802
3745,598
3746,43
3747,862
3748,575
3749,841
3750,161
3751,493
3752,553
3753,672
3754,629
3755,549
3756,833
3757,212
3758,250
3759,591
3760,671
3761,744
3762,656
3763,540
3764,934
3765,358
3766,1000
3767,906
3768,404
3769,910
3770,355
3771,77
3772,965
3773,548
3774,747
3775,281
3776,468
3777,787
3778,178
3779,398
3780,210
3781,44
3782,805
3783,165
3784,517
3785,372
3786,665
3787,130
3788,855
3789,613
3790,200
3791,711
3792,82
3793,921
3794,786
3795,708
3796,136
3797,606
3798,323
3799,861
3800,628
3801,596
3802,537
3803,443
3804,704
3805,633
3806,777
3807,511
3808,695
3809,682
3810,679
3811,367
3812,499
3813,754
3814,669
3815,504
3816,88
3817,790
3818,775
3819,27
3820,46
3821,195
3822,298
3823,429
3824,777
3825,862
3826,880
3827,887
3828,949
3829,900
3830,306
3831,207
3832,501
3833,96
3834,238
3835,703
3836,144
3837,704
3838,992
3839,324
3840,113
3841,538
3842,169
3843,419
3844,392
3845,973
3846,42
3847,921
3848,781
3849,524
3850,879
3851,941
3852,474
3853,592
3854,341
3855,270
3856,146
3857,282
3858,952
3859,461
3860,706
3861,820
3862,953
3863,908
3864,525
3865,351
3866,524
3867,856
3868,409
3869,738
3870,451
3871,559
3872,356
3873,617
3874,819
3875,880
3876,104
3877,684
3878,298
3879,86
3880,257
3881,670
3882,862
3883,335
3884,897
3885,244
3886,73
3887,130
3888,783
3889,233
3890,651
3891,118
3892,845
3893,62
3894,41
3895,869
3896,4
3897,555
3898,646
3899,662
3900,403
3901,378
3902,279
3903,954
3904,385
3905,212
3906,502
3907,749
3908,46
3909,912
3910,689
3911,219
3912,209
3913,62
3914,600
3915,185
3916,238
3917,90
3918,364
3919,164
3920,141
3921,296
3922,62
3923,564
3924,922
3925,114
3926,533
3927,744
3928,902
3929,98
3930,175
3931,347
3932,137
3933,776
3934,940
3935,874
3936,303
3937,738
3938,832
3939,901
3940,941
3941,121
3942,543
3943,334
3944,900
3945,770
3946,394
3947,115
3948,738
3949,274
3950,595
3951,124
3952,176
3953,716
3954,618
3955,189
3956,770
3957,820
3958,20
3959,485
3960,849
3961,303
3962,733
3963,297
3964,21
3965,588
3966,475
3967,934
3968,467
3969,83
3970,970
3971,201
3972,370
3973,630
3974,175
3975,887
3976,717
3977,962
3978,317
3979,835
3980,647
3981,338
3982,918
3983,70
3984,898
3985,613
3986,806
3987,897
3988,103
3989,761
3990,602
3991,492
3992,399
3993,889
3994,420
3995,904
3996,384
3997,196
3998,120
3999,601
4000,101
4001,731
4002,411
4003,614
4004,386
4005,709
4006,663
4007,107
4008,465
4009,215
4010,134
4011,493
4012,92
4013,143
4014,948
4015,964
4016,35
4017,787
4018,567
4019,835
4020,897
4021,715
4022,127
4023,714
4024,324
4025,532
4026,504
4027,116
4028,287
4029,825
4030,524
4031,839
4032,373
4033,833
4034,891
4035,196
4036,270
4037,475
4038,656
4039,927
4040,886
4041,67
4042,602
4043,715
4044,765
4045,726
4046,230
4047,916
4048,524
4049,155
4050,899
4051,637
4052,531
4053,973
4054,392
4055,717
4056,165
4057,957
4058,899
4059,989
4060,241
4061,91
4062,299
4063,48
4064,217
4065,866
4066,197
4067,419
4068,427
4069,675
4070,309
4071,654
4072,616
4073,520
4074,759
4075,689
4076,430
4077,484
4078,272
4079,943
4080,325
4081,100
4082,662
4083,444
4084,477
4085,567
4086,60
4087,966
4088,105
4089,393
4090,610
4091,987
4092,149
4093,712
4094,298
4095,20
4096,481
4097,426
4098,883
4099,104
4100,144
4101,521
4102,819
4103,737
4104,174
4105,550
4106,930
4107,927
4108,378
4109,609
4110,972
4111,125
4112,308
4113,557
4114,527
4115,587
4116,226
4117,275
4118,652
4119,254
4120,248
4121,121
4122,536
4123,212
4124,256
4125,245
4126,382
4127,933
4128,353
4129,264
4130,878
4131,568
4132,356
4133,696
4134,274
4135,153
4136,19
4137,440
4138,853
4139,943
4140,129
4141,379
4142,431
4143,5
4144,486
4145,452
4146,604
4147,959
4148,276
4149,783
4150,847
4151,412
4152,959
4153,69
4154,285
4155,506
4156,34
4157,603
4158,926
4159,745
4160,9
4161,578
4162,194
4163,482
4164,243
4165,540
4166,47
4167,977
4168,342
4169,212
4170,122
4171,524
4172,947
4173,395
4174,748
4175,370
4176,318
4177,515
4178,170
4179,563
4180,816
4181,786
4182,359
4183,254
4184,203
4185,567
4186,750
4187,712
4188,574
4189,759
4190,344
4191,611
4192,865
4193,557
4194,138
4195,485
4196,966
4197,188
4198,896
4199,700
4200,384
4201,442
4202,738
4203,879
4204,488
4205,465
4206,493
4207,410
4208,430
4209,654
4210,433
4211,615
4212,652
4213,177
4214,733
4215,395
4216,913
4217,630
4218,436
4219,468
4220,668
4221,224
4222,173
4223,693
4224,30
4225,339
4226,579
4227,921
4228,490
4229,968
4230,588
4231,161
4232,936
4233,218
4234,253
4235,847
4236,691
4237,53
4238,131
4239,892
4240,304
4241,921
4242,978
4243,863
4244,572
4245,879
4246,40
4247,223
4248,417
4249,654
4250,738
4251,590
4252,661
4253,522
4254,682
4255,788
4256,133
4257,602
4258,365
4259,80
4260,654
4261,548
4262,624
4263,827
4264,339
4265,240
4266,254
4267,765
4268,69
4269,425
4270,255
4271,967
4272,341
4273,576
4274,309
4275,73
4276,673
4277,683
4278,227
4279,776
4280,163
4281,491
4282,749
4283,215
4284,551
4285,956
4286,837
4287,122
4288,11
4289,478
4290,149
4291,88
4292,214
4293,528
4294,758
4295,730
4296,253
4297,859
4298,849
4299,667
4300,627
4301,336
4302,327
4303,256
4304,944
4305,230
4306,387
4307,658
4308,505
4309,318
4310,473
4311,956
4312,67
4313,278
4314,556
4315,760
4316,766
4317,649
4318,819
4319,729
4320,637
4321,472
4322,5
4323,619
4324,704
4325,220
4326,841
4327,594
4328,109
4329,781
4330,804
4331,953
4332,30
4333,868
4334,2
4335,144
4336,534
4337,631
4338,174
4339,601
4340,739
4341,940
4342,513
4343,809
4344,135
4345,29
4346,864
4347,754
4348,676
4349,810
4350,183
4351,596
4352,699
4353,86
4354,582
4355,906
4356,846
4357,173
4358,841
4359,929
4360,31
4361,228
4362,119
4363,763
4364,351
4365,12
4366,357
4367,423
4368,509
4369,244
4370,642
4371,957
4372,373
4373,883
4374,7
4375,354
4376,564
4377,472
4378,258
4379,346
4380,730
4381,884
4382,828
4383,365
4384,132
4385,302
4386,31
4387,305
4388,590
4389,454
4390,198
4391,297
4392,844
4393,940
4394,443
4395,249
4396,944
4397,518
4398,868
4399,138
4400,413
4401,372
4402,513
4403,76
4404,551
4405,495
4406,232
4407,150
4408,730
4409,584
4410,85
4411,339
4412,258
4413,15
4414,299
4415,280
4416,754
4417,722
4418,903
4419,417
4420,969
4421,290
4422,454
4423,415
4424,424
4425,143
4426,833
4427,3
4428,581
4429,383
4430,286
4431,469
4432,877
4433,820
4434,10
4435,919
4436,967
4437,296
4438,354
4439,340
4440,155
4441,914
4442,235
4443,701
4444,215
4445,269
4446,79
4447,43
4448,665
4449,461
4450,919
4451,21
4452,251
4453,817
4454,587
4455,378
4456,40
4457,428
4458,965
4459,228
4460,905
4461,35
4462,925
4463,796
4464,557
4465,496
4466,897
4467,356
4468,898
4469,643
4470,429
4471,253
4472,297
4473,496
4474,258
4475,1
4476,706
4477,805
4478,796
4479,217
4480,903
4481,706
4482,654
4483,334
4484,880
4485,172
4486,154
4487,29
4488,307
4489,336
4490,422
4491,262
4492,903
4493,971
4494,777
4495,990
4496,130
4497,691
4498,101
4499,490
4500,742
4501,506
4502,172
4503,782
4504,436
4505,880
4506,269
4507,703
4508,477
4509,98
4510,445
4511,507
4512,116
4513,191
4514,920
4515,986
4516,119
4517,152
4518,741
4519,70
4520,565
4521,812
4522,732
4523,310
4524,907
4525,823
4526,880
4527,73
4528,736
4529,853
4530,821
4531,340
4532,895
4533,81
4534,783
4535,886
4536,527
4537,827
4538,386
4539,711
4540,639
4541,453
4542,127
4543,434
4544,887
4545,184
4546,52
4547,589
4548,899
4549,161
4550,722
4551,146
4552,294
4553,116
4554,645
4555,216
4556,963
4557,929
4558,325
4559,68
4560,923
4561,409
4562,68
4563,794
4564,199
4565,49
4566,625
4567,383
4568,188
4569,314
4570,751
4571,288
4572,552
4573,560
4574,874
4575,513
4576,988
4577,92
4578,404
4579,1
4580,554
4581,925
4582,538
4583,761
4584,680
4585,513
4586,879
4587,145
4588,310
4589,275
4590,289
4591,863
4592,992
4593,577
4594,620
4595,262
4596,41
4597,361
4598,504
4599,212
4600,900
4601,678
4602,231
4603,107
4604,197
4605,619
4606,725
4607,481
4608,653
4609,319
4610,824
4611,974
4612,503
4613,628
4614,684
4615,697
4616,771
4617,94
4618,226
4619,452
4620,190
4621,294
4622,399
4623,18
4624,528
4625,602
4626,442
4627,279
4628,629
4629,130
4630,230
4631,888
4632,866
4633,615
4634,40
4635,291
4636,273
4637,884
4638,201
4639,69
4640,909
4641,196
4642,440
4643,841
4644,859
4645,345
4646,955
4647,571
4648,268
4649,255
4650,837
4651,593
4652,399
4653,308
4654,127
4655,709
4656,271
4657,390
4658,14
4659,425
4660,504
4661,331
4662,728
4663,666
4664,63
4665,428
4666,741
4667,659
4668,540
4669,174
4670,492
4671,720
4672,653
4673,163
4674,664
4675,797
4676,824
4677,407
4678,860
4679,330
4680,785
4681,850
4682,423
4683,974
4684,703
4685,520
4686,483
4687,199
4688,117
4689,770
4690,137
4691,620
4692,832
4693,983
4694,475
4695,247
4696,882
4697,800
4698,508
4699,577
4700,993
4701,607
4702,468
4703,165
4704,896
4705,625
4706,401
4707,890
4708,648
4709,497
4710,623
4711,167
4712,978
4713,638
4714,821
4715,538
4716,478
4717,691
4718,496
4719,682
4720,308
4721,475
4722,514
4723,791
4724,39
4725,919
4726,523
4727,517
4728,102
4729,521
4730,385
4731,244
4732,125
4733,333
4734,948
4735,188
4736,886
4737,564
4738,846
4739,249
4740,632
4741,124
4742,545
4743,462
4744,926
4745,367
4746,912
4747,893
4748,802
4749,415
4750,783
4751,675
4752,36
4753,51
4754,129
4755,62
4756,275
4757,762
4758,959
4759,514
4760,556
4761,601
4762,876
4763,321
4764,316
4765,897
4766,806
4767,154
4768,248
4769,336
4770,810
4771,676
4772,175
4773,843
4774,672
4775,729
4776,277
4777,870
4778,438
4779,366
4780,894
4781,477
4782,854
4783,361
4784,637
4785,232
4786,319
4787,671
4788,103
4789,657
4790,569
4791,328
4792,597
4793,32
4794,633
4795,252
4796,515
4797,838
4798,790
4799,85
4800,30
4801,256
4802,98
4803,336
4804,212
4805,648
4806,21
4807,349
4808,83
4809,154
4810,83
4811,984
4812,370
4813,106
4814,831
4815,493
4816,194
4817,39
4818,161
4819,152
4820,362
4821,487
4822,579
4823,209
4824,583
4825,386
4826,517
4827,626
4828,365
4829,884
4830,494
4831,614
4832,744
4833,614
4834,895
4835,1
4836,230
4837,151
4838,890
4839,366
4840,945
4841,877
4842,95
4843,983
4844,270
4845,742
4846,644
4847,760
4848,149
4849,256
4850,146
4851,518
4852,172
4853,525
4854,138
4855,783
4856,78
4857,263
4858,940
4859,623
4860,522
4861,321
4862,564
4863,592
4864,60
4865,467
4866,404
4867,163
4868,221
4869,390
4870,267
4871,616
4872,48
4873,1000
4874,605
4875,730
4876,367
4877,346
4878,913
4879,667
4880,114
4881,85
4882,988
4883,755
4884,552
4885,696
4886,127
4887,332
4888,64
4889,708
4890,614
4891,374
4892,320
4893,131
4894,855
4895,524
4896,691
4897,300
4898,340
4899,507
4900,334
4901,394
4902,884
4903,156
4904,583
4905,160
4906,923
4907,867
4908,949
4909,570
4910,629
4911,878
4912,55
4913,256
4914,348
4915,545
4916,266
4917,313
4918,97
4919,465
4920,667
4921,266
4922,877
4923,761
4924,794
4925,455
4926,254
4927,201
4928,509
4929,769
4930,362
4931,776
4932,849
4933,457
4934,428
4935,629
4936,519
4937,216
4938,142
4939,818
4940,984
4941,841
4942,210
4943,965
4944,284
4945,753
4946,78
4947,368
4948,536
4949,954
4950,671
4951,885
4952,256
4953,894
4954,186
4955,45
4956,932
4957,754
4958,72
4959,445
4960,247
4961,576
4962,816
4963,616
4964,147
4965,606
4966,34
4967,471
4968,741
4969,333
4970,137
4971,33
4972,437
4973,581
4974,141
4975,478
4976,101
4977,685
4978,320
4979,27
4980,203
4981,753
4982,398
4983,699
4984,521
4985,629
4986,917
4987,846
4988,34
4989,26
4990,810
4991,879
4992,801
4993,426
4994,727
4995,800
4996,639
4997,468
4998,169
4999,187
5000,890
5001,446
5002,97
5003,517
5004,646
5005,442
5006,641
5007,763
5008,476
5009,113
5010,446
5011,205
5012,538
5013,842
5014,581
5015,313
5016,163
5017,533
5018,533
5019,902
5020,665
5021,975
5022,916
5023,447
5024,913
5025,118
5026,806
5027,898
5028,686
5029,609
5030,359
5031,751
5032,782
5033,990
5034,801
5035,224
5036,638
5037,249
5038,966
5039,310
5040,386
5041,32
5042,757
5043,438
5044,371
5045,796
5046,876
5047,976
5048,359
5049,872
5050,24
5051,161
5052,17
5053,627
5054,280
5055,613
5056,824
5057,966
5058,224
5059,543
5060,684
5061,676
5062,825
5063,177
5064,858
5065,542
5066,297
5067,624
5068,330
5069,75
5070,365
5071,787
5072,602
5073,177
5074,719
5075,128
5076,523
5077,188
5078,534
5079,977
5080,424
5081,306
5082,522
5083,501
5084,339
5085,481
5086,405
5087,23
5088,483
5089,874
5090,947
5091,574
5092,72
5093,319
5094,576
5095,203
5096,656
5097,375
5098,978
5099,762
5100,690
5101,995
5102,5
5103,921
5104,934
5105,604
5106,399
5107,942
5108,198
5109,166
5110,124
5111,100
5112,176
5113,331
5114,447
5115,888
5116,909
5117,923
5118,461
5119,293
5120,893
5121,760
5122,986
5123,875
5124,787
5125,138
5126,709
5127,212
5128,513
5129,379
5130,329
5131,985
5132,231
5133,783
5134,124
5135,362
5136,903
5137,830
5138,1000
5139,200
5140,708
5141,665
5142,626
5143,952
5144,995
5145,1000
5146,300
5147,210
5148,806
5149,760
5150,206
5151,549
5152,816
5153,625
5154,119
5155,790
5156,132
5157,762
5158,795
5159,54
5160,851
5161,220
5162,711
5163,300
5164,441
5165,782
5166,216
5167,753
5168,628
5169,127
5170,120
5171,52
5172,308
5173,970
5174,404
5175,564
5176,555
5177,757
5178,34
5179,640
5180,442
5181,251
5182,636
5183,550
5184,686
5185,180
5186,137
5187,875
5188,428
5189,613
5190,146
5191,400
5192,39
5193,935
5194,976
5195,257
5196,686
5197,586
5198,209
5199,834
5200,648
5201,794
5202,489
5203,325
5204,796
5205,988
5206,595
5207,866
5208,126
5209,290
5210,265
5211,988
5212,638
5213,485
5214,801
5215,624
5216,691
5217,339
5218,980
5219,715
5220,141
5221,423
5222,327
5223,56
5224,997
5225,877
5226,259
5227,258
5228,967
5229,692
5230,291
5231,952
5232,268
5233,943
5234,247
5235,163
5236,452
5237,286
5238,953
5239,93
5240,698
5241,965
5242,951
5243,221
5244,117
5245,994
5246,958
5247,733
5248,581
5249,933
5250,638
5251,665
5252,568
5253,57
5254,68
5255,315
5256,734
5257,772
5258,325
5259,95
5260,31
5261,10
5262,551
5263,164
5264,981
5265,818
5266,605
5267,881
5268,375
5269,97
5270,941
5271,163
5272,197
5273,918
5274,60
5275,614
5276,461
5277,528
5278,992
5279,30
5280,520
5281,629
5282,510
5283,83
5284,520
5285,590
5286,602
5287,182
5288,433
5289,528
5290,309
5291,615
5292,878
5293,240
5294,42
5295,828
5296,724
5297,663
5298,286
5299,991
5300,347
5301,812
5302,291
5303,210
5304,970
5305,311
5306,430
5307,385
5308,210
5309,495
5310,485
5311,489
5312,450
5313,634
5314,458
5315,433
5316,298
5317,897
5318,662
5319,865
5320,116
5321,101
5322,600
5323,888
5324,686
5325,727
5326,377
5327,687
5328,692
5329,145
5330,537
5331,127
5332,89
5333,390
5334,596
5335,859
5336,419
5337,488
5338,331
5339,476
5340,194
5341,327
5342,391
5343,491
5344,694
5345,305
5346,296
5347,50
5348,553
5349,226
5350,238
5351,314
5352,841
5353,78
5354,14
5355,710
5356,737
5357,515
5358,487
5359,699
5360,56
5361,337
5362,308
5363,163
5364,433
5365,971
5366,41
5367,786
5368,334
5369,355
5370,468
5371,425
5372,334
5373,276
5374,585
5375,722
5376,575
5377,427
5378,81
5379,920
5380,70
5381,546
5382,394
5383,991
5384,455
5385,595
5386,752
5387,502
5388,354
5389,516
5390,59
5391,699
5392,708
5393,72
5394,432
5395,463
5396,753
5397,170
5398,873
5399,28
5400,997
5401,392
5402,575
5403,538
5404,106
5405,579
5406,63
5407,936
5408,110
5409,66
5410,779
5411,816
5412,89
5413,981
5414,776
5415,899
5416,251
5417,608
5418,325
5419,585
5420,254
5421,728
5422,34
5423,653
5424,861
5425,176
5426,219
5427,14
5428,277
5429,55
5430,319
5431,594
5432,358
5433,847
5434,139
5435,635
5436,976
5437,909
5438,649
5439,283
5440,312
5441,934
5442,766
5443,249
5444,703
5445,826
5446,155
5447,368
5448,295
5449,157
5450,549
5451,731
5452,955
5453,336
5454,930
5455,823
5456,168
5457,531
5458,992
5459,214
5460,604
5461,949
5462,855
5463,313
5464,76
5465,986
5466,522
5467,221
5468,213
5469,568
5470,957
5471,246
5472,998
5473,977
5474,700
5475,563
5476,21
5477,599
5478,691
5479,3
5480,618
5481,528
5482,756
5483,739
5484,602
5485,825
5486,943
5487,670
5488,602
5489,784
5490,701
5491,243
5492,335
5493,801
5494,58
5495,494
5496,806
5497,930
5498,479
5499,211
5500,460
5501,935
5502,512
5503,155
5504,422
5505,458
5506,190
5507,842
5508,971
5509,773
5510,778
5511,994
5512,714
5513,924
5514,90
5515,97
5516,375
5517,689
5518,992
5519,246
5520,181
5521,162
5522,680
5523,939
5524,361
5525,773
5526,964
5527,24
5528,420
5529,826
5530,890
5531,487
5532,41
5533,669
5534,190
5535,204
5536,718
5537,99
5538,541
5539,51
5540,987
5541,589
5542,442
5543,592
5544,800
5545,822
5546,461
5547,657
5548,253
5549,778
5550,200
5551,599
5552,904
5553,563
5554,678
5555,499
5556,933
5557,479
5558,391
5559,144
5560,28
5561,147
5562,345
5563,325
5564,759
5565,957
5566,676
5567,270
5568,770
5569,624
5570,42
5571,586
5572,349
5573,124
5574,963
5575,93
5576,548
5577,881
5578,15
5579,404
5580,362
5581,549
5582,209
5583,764
5584,250
5585,386
5586,961
5587,444
5588,134
5589,13
5590,614
5591,582
5592,300
5593,568
5594,664
5595,861
5596,269
5597,272
5598,938
5599,462
5600,301
5601,712
5602,804
5603,870
5604,500
5605,363
5606,184
5607,375
5608,745
5609,696
5610,181
5611,470
5612,48
5613,571
5614,401
5615,531
5616,686
5617,981
5618,388
5619,7
5620,471
5621,337
5622,629
5623,23
5624,657
5625,766
5626,772
5627,789
5628,6
5629,91
5630,407
5631,439
5632,687
5633,205
5634,790
5635,156
5636,299
5637,106
5638,656
5639,3
5640,888
5641,116
5642,847
5643,281
5644,747
5645,854
5646,27
5647,972
5648,322
5649,240
5650,304
5651,732
5652,477
5653,337
5654,126
5655,378
5656,293
5657,638
5658,519
5659,459
5660,503
5661,479
5662,529
5663,608
5664,34
5665,159
5666,911
5667,526
5668,663
5669,341
5670,934
5671,763
5672,765
5673,938
5674,200
5675,243
5676,551
5677,687
5678,709
5679,147
5680,500
5681,723
5682,781
5683,168
5684,404
5685,515
5686,345
5687,410
5688,696
5689,294
5690,286
5691,975
5692,635
5693,858
5694,811
5695,716
5696,926
5697,530
5698,96
5699,251
5700,19
5701,945
5702,402
5703,493
5704,576
5705,46
5706,705
5707,793
5708,919
5709,418
5710,534
5711,896
5712,329
5713,486
5714,359
5715,796
5716,773
5717,536
5718,43
5719,905
5720,631
5721,897
5722,144
5723,487
5724,987
5725,35
5726,675
5727,183
5728,311
5729,480
5730,999
5731,898
5732,604
5733,795
5734,761
5735,561
5736,878
5737,486
5738,228
5739,32
5740,714
5741,792
5742,234
5743,528
5744,100
5745,720
5746,303
5747,57
5748,677
5749,203
5750,767
5751,845
5752,399
5753,620
5754,103
5755,989
5756,369
5757,11
5758,389
5759,55
5760,399
5761,623
5762,951
5763,253
5764,554
5765,551
5766,152
5767,362
5768,236
5769,160
5770,404
5771,483
5772,348
5773,387
5774,164
5775,943
5776,565
5777,444
5778,561
5779,797
5780,223
5781,244
5782,467
5783,220
5784,226
5785,989
5786,943
5787,342
5788,370
5789,114
5790,474
5791,127
5792,663
5793,378
5794,55
5795,888
5796,649
5797,118
5798,330
5799,961
5800,767
5801,498
5802,875
5803,11
5804,785
5805,118
5806,664
5807,248
5808,426
5809,64
5810,387
5811,191
5812,612
5813,367
5814,771
5815,382
5816,914
5817,717
5818,163
5819,174
5820,788
5821,933
5822,974
5823,688
5824,860
5825,735
5826,923
5827,38
5828,711
5829,961
5830,614
5831,824
5832,625
5833,400
5834,239
5835,43
5836,86
5837,238
5838,617
5839,501
5840,546
5841,18
5842,953
5843,677
5844,455
5845,56
5846,601
5847,702
5848,35
5849,865
5850,195
5851,101
5852,101
5853,466
5854,95
5855,475
5856,787
5857,160
5858,131
5859,419
5860,939
5861,44
5862,108
5863,535
5864,153
5865,739
5866,639
5867,950
5868,378
5869,453
5870,969
5871,375
5872,734
5873,991
5874,631
5875,634
5876,459
5877,142
5878,280
5879,384
5880,722
5881,880
5882,503
5883,2
5884,925
5885,623
5886,559
5887,488
5888,38
5889,775
5890,538
5891,132
5892,597
5893,806
5894,608
5895,768
5896,898
5897,435
5898,515
5899,669
5900,925
5901,50
5902,382
5903,293
5904,879
5905,704
5906,634
5907,670
5908,879
5909,703
5910,44
5911,71
5912,668
5913,513
5914,585
5915,273
5916,357
5917,467
5918,507
5919,457
5920,525
5921,784
5922,651
5923,82
5924,264
5925,279
5926,549
5927,704
5928,534
5929,693
5930,276
5931,636
5932,930
5933,859
5934,903
5935,811
5936,105
5937,525
5938,618
5939,301
5940,663
5941,611
5942,994
5943,88
5944,654
5945,750
5946,111
5947,22
5948,370
5949,802
5950,489
5951,687
5952,63
5953,600
5954,124
5955,26
5956,849
5957,839
5958,424
5959,56
5960,258
5961,506
5962,940
5963,727
5964,259
5965,991
5966,500
5967,309
5968,981
5969,448
5970,484
5971,251
5972,31
5973,480
5974,434
5975,529
5976,784
5977,145
5978,717
5979,744
5980,730
5981,288
5982,930
5983,554
5984,86
5985,285
5986,287
5987,693
5988,162
5989,145
5990,36
5991,581
5992,528
5993,221
5994,360
5995,425
5996,315
5997,188
5998,211
5999,588
6000,707
6001,790
6002,941
6003,636
6004,734
6005,827
6006,568
6007,850
6008,966
6009,711
6010,780
6011,879
6012,749
6013,171
6014,539
6015,882
6016,146
6017,471
6018,818
6019,217
6020,235
6021,413
6022,654
6023,598
6024,590
6025,564
6026,99
6027,884
6028,34
6029,582
6030,910
6031,535
6032,847
6033,547
6034,331
6035,137
6036,250
6037,727
6038,460
6039,674
6040,991
6041,343
6042,83
6043,933
6044,857
6045,831
6046,639
6047,9
6048,949
6049,461
6050,762
6051,54
6052,829
6053,801
6054,802
6055,826
6056,759
6057,231
6058,972
6059,366
6060,391
6061,643
6062,692
6063,730
6064,234
6065,853
6066,460
6067,524
6068,940
6069,719
6070,723
6071,359
6072,30
6073,864
6074,376
6075,353
6076,983
6077,752
6078,981
6079,595
6080,705
6081,931
6082,340
6083,771
6084,404
6085,898
6086,752
6087,257
6088,225
6089,883
6090,852
6091,747
6092,134
6093,808
6094,327
6095,712
6096,940
6097,396
6098,591
6099,23
6100,696
6101,332
6102,568
6103,243
6104,173
6105,154
6106,28
6107,688
6108,57
6109,768
6110,373
6111,797
6112,825
6113,922
6114,522
6115,766
6116,263
6117,887
6118,87
6119,23
6120,134
6121,404
6122,597
6123,588
6124,666
6125,732
6126,563
6127,324
6128,479
6129,668
6130,697
6131,644
6132,407
6133,841
6134,36
6135,810
6136,327
6137,671
6138,461
6139,638
6140,367
6141,15
6142,689
6143,629
6144,82
6145,615
6146,483
6147,787
6148,155
6149,335
6150,866
6151,368
6152,820
6153,852
6154,189
6155,253
6156,376
6157,671
6158,239
6159,601
6160,999
6161,996
6162,988
6163,910
6164,765
6165,535
6166,933
6167,778
6168,37
6169,733
6170,840
6171,964
6172,9
6173,671
6174,607
6175,203
6176,517
6177,474
6178,64
6179,650
6180,154
6181,994
6182,225
6183,845
6184,501
6185,831
6186,545
6187,956
6188,712
6189,781
6190,174
6191,154
6192,294
6193,121
6194,984
6195,208
6196,393
6197,740
6198,117
6199,196
6200,51
6201,529
6202,90
6203,965
6204,528
6205,197
6206,988
6207,872
6208,204
6209,278
6210,213
6211,646
6212,71
6213,504
6214,292
6215,834
6216,262
6217,592
6218,134
6219,729
6220,800
6221,149
6222,207
6223,982
6224,686
6225,528
6226,128
6227,224
6228,928
6229,873
6230,315
6231,187
6232,392
6233,225
6234,444
6235,210
6236,666
6237,689
6238,297
6239,749
6240,628
6241,846
6242,314
6243,703
6244,376
6245,657
6246,963
6247,230
6248,198
6249,910
6250,45
6251,795
6252,67
6253,305
6254,278
6255,868
6256,422
6257,868
6258,429
6259,194
6260,46
6261,759
6262,522
6263,375
6264,512
6265,764
6266,291
6267,131
6268,683
6269,330
6270,430
6271,779
6272,568
6273,877
6274,347
6275,135
6276,789
6277,530
6278,277
6279,265
6280,951
6281,527
6282,572
6283,574
6284,374
6285,587
6286,187
6287,55
6288,473
6289,980
6290,377
6291,56
6292,938
6293,697
6294,743
6295,554
6296,418
6297,892
6298,322
6299,1000
6300,318
6301,472
6302,661
6303,180
6304,617
6305,759
6306,642
6307,118
6308,193
6309,338
6310,74
6311,919
6312,868
6313,271
6314,170
6315,795
6316,6
6317,714
6318,44
6319,560
6320,165
6321,668
6322,347
6323,840
6324,483
6325,766
6326,334
6327,15
6328,752
6329,677
6330,398
6331,414
6332,755
6333,178
6334,890
6335,365
6336,231
6337,724
6338,482
6339,743
6340,985
6341,575
6342,840
6343,256
6344,229
6345,375
6346,391
6347,248
6348,177
6349,566
6350,122
6351,849
6352,30
6353,312
6354,861
6355,332
6356,713
6357,575
6358,760
6359,173
6360,710
6361,92
6362,648
6363,208
6364,554
6365,678
6366,883
6367,655
6368,146
6369,707
6370,338
6371,679
6372,346
6373,53
6374,95
6375,231
6376,487
6377,628
6378,317
6379,596
6380,348
6381,149
6382,81
6383,475
6384,451
6385,553
6386,146
6387,765
6388,381
6389,962
6390,540
6391,150
6392,879
6393,837
6394,207
6395,994
6396,120
6397,569
6398,639
6399,428
6400,829
6401,933
6402,606
6403,662
6404,336
6405,13
6406,807
6407,879
6408,735
6409,518
6410,908
6411,992
6412,885
6413,568
6414,927
6415,878
6416,894
6417,782
6418,930
6419,36
6420,569
6421,301
6422,159
6423,573
6424,331
6425,228
6426,720
6427,673
6428,558
6429,700
6430,78
6431,506
6432,216
6433,871
6434,658
6435,279
6436,847
6437,432
6438,926
6439,372
6440,910
6441,889
6442,887
6443,93
6444,170
6445,414
6446,258
6447,636
6448,413
6449,205
6450,923
6451,803
6452,675
6453,814
6454,847
6455,483
6456,836
6457,103
6458,171
6459,769
6460,531
6461,390
6462,389
6463,187
6464,127
6465,374
6466,904
6467,689
6468,812
6469,229
6470,810
6471,239
6472,627
6473,791
6474,240
6475,556
6476,57
6477,784
6478,161
6479,695
6480,801
6481,515
6482,624
6483,571
6484,384
6485,769
6486,717
6487,730
6488,590
6489,153
6490,307
6491,38
6492,414
6493,64
6494,975
6495,454
6496,761
6497,951
6498,827
6499,672
6500,972
6501,1
6502,715
6503,426
6504,175
6505,835
6506,503
6507,671
6508,572
6509,606
6510,687
6511,318
6512,362
6513,701
6514,37
6515,679
6516,510
6517,130
6518,281
6519,144
6520,962
6521,528
6522,94
6523,391
6524,715
6525,129
6526,302
6527,580
6528,41
6529,980
6530,185
6531,804
6532,596
6533,710
6534,650
6535,405
6536,159
6537,799
6538,395
6539,844
6540,555
6541,911
6542,255
6543,625
6544,965
6545,903
6546,219
6547,280
6548,293
6549,761
6550,754
6551,266
6552,450
6553,317
6554,381
6555,297
6556,131
6557,505
6558,18
6559,851
6560,469
6561,152
6562,381
6563,515
6564,7
6565,669
6566,399
6567,260
6568,754
6569,444
6570,357
6571,754
6572,253
6573,840
6574,544
6575,111
6576,810
6577,939
6578,710
6579,831
6580,792
6581,968
6582,514
6583,739
6584,365
6585,293
6586,471
6587,197
6588,350
6589,481
6590,24
6591,31
6592,142
6593,849
6594,947
6595,529
6596,372
6597,117
6598,577
6599,448
6600,392
6601,784
6602,711
6603,58
6604,139
6605,776
6606,520
6607,138
6608,639
6609,533
6610,58
6611,770
6612,410
6613,818
6614,106
6615,794
6616,780
6617,854
6618,913
6619,813
6620,490
6621,652
6622,795
6623,521
6624,942
6625,860
6626,382
6627,227
6628,50
6629,268
6630,959
6631,454
6632,565
6633,858
6634,541
6635,128
6636,338
6637,309
6638,195
6639,154
6640,308
6641,284
6642,803
6643,6
6644,238
6645,122
6646,484
6647,451
6648,434
6649,521
6650,771
6651,101
6652,753
6653,685
6654,360
6655,17
6656,165
6657,363
6658,561
6659,411
6660,67
6661,306
6662,671
6663,184
6664,516
6665,106
6666,918
6667,721
6668,715
6669,430
6670,658
6671,436
6672,5
6673,955
6674,930
6675,991
6676,57
6677,676
6678,254
6679,433
6680,607
6681,861
6682,380
6683,617
6684,413
6685,112
6686,913
6687,976
6688,848
6689,800
6690,609
6691,63
6692,405
6693,803
6694,886
6695,802
6696,238
6697,990
6698,139
6699,42
6700,340
6701,137
6702,403
6703,725
6704,163
6705,759
6706,783
6707,971
6708,933
6709,953
6710,330
6711,341
6712,871
6713,574
6714,399
6715,820
6716,449
6717,936
6718,157
6719,563
6720,533
6721,587
6722,585
6723,390
6724,767
6725,618
6726,937
6727,687
6728,316
6729,497
6730,293
6731,369
6732,324
6733,482
6734,10
6735,278
6736,147
6737,400
6738,751
6739,368
6740,539
6741,357
6742,588
6743,87
6744,363
6745,66
6746,469
6747,609
6748,537
6749,523
6750,305
6751,192
6752,408
6753,178
6754,797
6755,666
6756,577
6757,563
6758,950
6759,211
6760,752
6761,812
6762,182
6763,937
6764,315
6765,316
6766,511
6767,687
6768,868
6769,442
6770,424
6771,163
6772,688
6773,271
6774,648
6775,113
6776,288
6777,138
6778,867
6779,43
6780,51
6781,788
6782,393
6783,347
6784,605
6785,454
6786,742
6787,468
6788,355
6789,110
6790,836
6791,124
6792,805
6793,199
6794,159
6795,582
6796,756
6797,566
6798,396
6799,222
6800,10
6801,847
6802,201
6803,75
6804,289
6805,676
6806,861
6807,720
6808,689
6809,251
6810,198
6811,941
6812,661
6813,30
6814,92
6815,296
6816,502
6817,442
6818,402
6819,691
6820,128
6821,565
6822,375
6823,331
6824,982
6825,87
6826,882
6827,364
6828,12
6829,40
6830,724
6831,139
6832,796
6833,686
6834,477
6835,860
6836,362
6837,946
6838,770
6839,731
6840,77
6841,510
6842,123
6843,301
6844,255
6845,825
6846,48
6847,301
6848,776
6849,841
6850,118
6851,499
6852,293
6853,703
6854,475
6855,44
6856,771
6857,808
6858,85
6859,560
6860,42
6861,776
6862,64
6863,571
6864,24
6865,956
6866,689
6867,78
6868,317
6869,433
6870,79
6871,141
6872,291
6873,604
6874,937
6875,525
6876,456
6877,61
6878,850
6879,723
6880,219
6881,2
6882,605
6883,156
6884,526
6885,597
6886,370
6887,668
6888,440
6889,797
6890,169
6891,287
6892,272
6893,645
6894,422
6895,47
6896,144
6897,479
6898,268
6899,640
6900,16
6901,602
6902,393
6903,465
6904,187
6905,22
6906,810
6907,548
6908,289
6909,389
6910,719
6911,428
6912,996
6913,576
6914,743
6915,324
6916,435
6917,735
6918,660
6919,100
6920,493
6921,934
6922,41
6923,103
6924,701
6925,697
6926,659
6927,420
6928,419
6929,180
6930,891
6931,140
6932,856
6933,926
6934,628
6935,921
6936,397
6937,789
6938,683
6939,454
6940,519
6941,467
6942,692
6943,708
6944,362
6945,863
6946,262
6947,141
6948,69
6949,599
6950,605
6951,759
6952,72
6953,912
6954,451
6955,415
6956,122
6957,914
6958,168
6959,215
6960,679
6961,66
6962,446
6963,947
6964,427
6965,999
6966,663
6967,627
6968,46
6969,182
6970,963
6971,99
6972,715
6973,192
6974,432
6975,381
6976,553
6977,559
6978,701
6979,545
6980,606
6981,580
6982,481
6983,860
6984,413
6985,887
6986,773
6987,618
6988,252
6989,81
6990,656
6991,787
6992,567
6993,429
6994,931
6995,687
6996,104
6997,172
6998,529
6999,171
7000,285
7001,64
7002,865
7003,571
7004,458
7005,238
7006,304
7007,694
7008,233
7009,138
7010,362
7011,595
7012,19
7013,62
7014,679
7015,901
7016,312
7017,317
7018,679
7019,100
7020,375
7021,767
7022,643
7023,947
7024,798
7025,869
7026,300
7027,660
7028,104
7029,700
7030,731
7031,434
7032,349
7033,970
7034,46
7035,627
7036,263
7037,258
7038,239
7039,511
7040,284
7041,262
7042,10
7043,246
7044,415
7045,689
7046,671
7047,171
7048,648
7049,87
7050,900
7051,397
7052,390
7053,536
7054,960
7055,129
7056,846
7057,321
7058,168
7059,515
7060,485
7061,234
7062,557
7063,887
7064,270
7065,775
7066,280
7067,954
7068,909
7069,731
7070,413
7071,223
7072,446
7073,938
7074,91
7075,237
7076,416
7077,926
7078,667
7079,534
7080,440
7081,942
7082,761
7083,741
7084,578
7085,350
7086,619
7087,496
7088,438
7089,139
7090,428
7091,635
7092,262
7093,87
7094,820
7095,961
7096,216
7097,173
7098,148
7099,829
7100,714
7101,602
7102,768
7103,561
7104,882
7105,922
7106,448
7107,53
7108,589
7109,955
7110,433
7111,359
7112,859
7113,786
7114,364
7115,536
7116,238
7117,639
7118,673
7119,262
7120,367
7121,910
7122,175
7123,879
7124,615
7125,134
7126,360
7127,152
7128,210
7129,556
7130,604
7131,854
7132,281
7133,181
7134,400
7135,881
7136,134
7137,152
7138,677
7139,908
7140,747
7141,17
7142,626
7143,434
7144,831
7145,71
7146,507
7147,626
7148,935
7149,510
7150,447
7151,732
7152,308
7153,64
7154,186
7155,197
7156,691
7157,968
7158,69
7159,924
7160,800
7161,331
7162,758
7163,216
7164,787
7165,174
7166,331
7167,470
7168,981
7169,265
7170,536
7171,573
7172,822
7173,86
7174,42
7175,805
7176,210
7177,42
7178,292
7179,913
7180,818
7181,36
7182,911
7183,431
7184,916
7185,373
7186,857
7187,579
7188,28
7189,303
7190,955
7191,874
7192,982
7193,138
7194,538
7195,675
7196,184
7197,407
7198,595
7199,171
7200,231
7201,520
7202,670
7203,390
7204,493
7205,533
7206,350
7207,600
7208,215
7209,593
7210,813
7211,354
7212,507
7213,50
7214,588
7215,119
7216,662
7217,247
7218,411
7219,685
7220,86
7221,845
7222,947
7223,719
7224,744
7225,599
7226,899
7227,125
7228,459
7229,668
7230,557
7231,632
7232,396
7233,984
7234,941
7235,419
7236,502
7237,777
7238,540
7239,549
7240,987
7241,912
7242,555
7243,264
7244,933
7245,326
7246,839
7247,771
7248,61
7249,485
7250,181
7251,996
7252,894
7253,277
7254,268
7255,81
7256,656
7257,55
7258,382
7259,713
7260,771
7261,398
7262,451
7263,58
7264,250
7265,864
7266,891
7267,661
7268,442
7269,406
7270,554
7271,247
7272,640
7273,777
7274,855
7275,46
7276,53
7277,735
7278,59
7279,721
7280,112
7281,374
7282,709
7283,942
7284,307
7285,530
7286,721
7287,697
7288,70
7289,192
7290,144
7291,31
7292,548
7293,535
7294,606
7295,241
7296,89
7297,515
7298,878
7299,999
7300,132
7301,144
7302,163
7303,950
7304,705
7305,709
7306,186
7307,700
7308,647
7309,778
7310,693
7311,56
7312,121
7313,355
7314,950
7315,209
7316,223
7317,297
7318,770
7319,45
7320,147
7321,319
7322,857
7323,618
7324,488
7325,730
7326,192
7327,789
7328,571
7329,544
7330,395
7331,203
7332,45
7333,190
7334,478
7335,332
7336,81
7337,935
7338,833
7339,658
7340,184
7341,407
7342,729
7343,436
7344,418
7345,776
7346,547
7347,648
7348,54
7349,119
7350,990
7351,379
7352,945
7353,779
7354,355
7355,928
7356,278
7357,330
7358,289
7359,61
7360,351
7361,972
7362,229
7363,753
7364,431
7365,890
7366,764
7367,751
7368,117
7369,413
7370,380
7371,995
7372,453
7373,171
7374,793
7375,432
7376,235
7377,483
7378,329
7379,627
7380,4
7381,550
7382,58
7383,106
7384,820
7385,897
7386,768
7387,122
7388,708
7389,333
7390,870
7391,514
7392,851
7393,582
7394,737
7395,455
7396,709
7397,113
7398,79
7399,905
7400,722
7401,171
7402,845
7403,472
7404,444
7405,955
7406,226
7407,98
7408,821
7409,463
7410,576
7411,621
7412,94
7413,272
7414,435
7415,466
7416,196
7417,47
7418,845
7419,127
7420,308
7421,869
7422,669
7423,488
7424,1000
7425,646
7426,371
7427,1000
7428,131
7429,508
7430,182
7431,700
7432,858
7433,35
7434,254
7435,960
7436,310
7437,396
7438,163
7439,695
7440,816
7441,748
7442,779
7443,538
7444,551
7445,349
7446,21
7447,207
7448,491
7449,942
7450,538
7451,471
7452,260
7453,755
7454,938
7455,591
7456,836
7457,540
7458,789
7459,286
7460,928
7461,644
7462,123
7463,920
7464,342
7465,894
7466,801
7467,130
7468,683
7469,89
7470,747
7471,285
7472,451
7473,924
7474,334
7475,825
7476,513
7477,296
7478,779
7479,779
7480,643
7481,199
7482,974
7483,323
7484,991
7485,867
7486,986
7487,542
7488,676
7489,386
7490,288
7491,176
7492,717
7493,82
7494,6
7495,203
7496,834
7497,278
7498,113
7499,105
7500,846
7501,230
7502,623
7503,862
7504,518
7505,743
7506,411
7507,17
7508,159
7509,52
7510,168
7511,41
7512,7
7513,886
7514,603
7515,272
7516,472
7517,597
7518,747
7519,43
7520,165
7521,200
7522,864
7523,418
7524,288
7525,326
7526,311
7527,501
7528,905
7529,899
7530,425
7531,201
7532,226
7533,241
7534,579
7535,291
7536,4
7537,831
7538,187
7539,955
7540,131
7541,676
7542,652
7543,306
7544,538
7545,396
7546,787
7547,987
7548,709
7549,104
7550,649
7551,690
7552,784
7553,484
7554,406
7555,614
7556,461
7557,413
7558,872
7559,377
7560,416
7561,172
7562,264
7563,838
7564,121
7565,416
7566,292
7567,648
7568,491
7569,160
7570,214
7571,517
7572,919
7573,130
7574,697
7575,617
7576,403
7577,516
7578,596
7579,949
7580,295
7581,792
7582,816
7583,379
7584,599
7585,803
7586,867
7587,528
7588,610
7589,801
7590,61
7591,283
7592,678
7593,740
7594,197
7595,644
7596,551
7597,11
7598,733
7599,912
7600,313
7601,998
7602,330
7603,766
7604,490
7605,413
7606,697
7607,968
7608,458
7609,887
7610,84
7611,798
7612,292
7613,240
7614,417
7615,298
7616,607
7617,579
7618,358
7619,65
7620,866
7621,436
7622,895
7623,775
7624,67
7625,295
7626,41
7627,308
7628,488
7629,940
7630,479
7631,404
7632,840
7633,554
7634,525
7635,235
7636,207
7637,77
7638,101
7639,790
7640,416
7641,893
7642,493
7643,271
7644,60
7645,762
7646,245
7647,321
7648,95
7649,588
7650,266
7651,331
7652,46
7653,557
7654,958
7655,25
7656,664
7657,296
7658,239
7659,805
7660,838
7661,887
7662,873
7663,303
7664,54
7665,859
7666,605
7667,273
7668,726
7669,311
7670,315
7671,349
7672,564
7673,244
7674,39
7675,840
7676,747
7677,929
7678,623
7679,52
7680,94
7681,106
7682,741
7683,419
7684,757
7685,125
7686,391
7687,605
7688,416
7689,627
7690,823
7691,690
7692,756
7693,207
7694,903
7695,806
7696,47
7697,933
7698,310
7699,887
7700,576
7701,900
7702,422
7703,200
7704,399
7705,333
7706,893
7707,56
7708,996
7709,870
7710,162
7711,676
7712,77
7713,518
7714,327
7715,963
7716,457
7717,797
7718,505
7719,521
7720,320
7721,638
7722,798
7723,559
7724,324
7725,636
7726,972
7727,969
7728,27
7729,777
7730,453
7731,39
7732,129
7733,39
7734,250
7735,301
7736,419
7737,361
7738,745
7739,371
7740,98
7741,616
7742,166
7743,150
7744,111
7745,832
7746,311
7747,56
7748,988
7749,308
7750,627
7751,772
7752,394
7753,885
7754,111
7755,660
7756,613
7757,505
7758,883
7759,384
7760,633
7761,851
7762,217
7763,490
7764,118
7765,56
7766,411
7767,43
7768,840
7769,625
7770,309
7771,625
7772,92
7773,993
7774,431
7775,897
7776,832
7777,516
7778,115
7779,273
7780,504
7781,128
7782,193
7783,177
7784,505
7785,867
7786,600
7787,602
7788,918
7789,970
7790,5
7791,715
7792,421
7793,632
7794,770
7795,731
7796,74
7797,912
7798,47
7799,961
7800,523
7801,122
7802,69
7803,922
7804,385
7805,594
7806,529
7807,3
7808,791
7809,574
7810,459
7811,818
7812,918
7813,976
7814,348
7815,526
7816,726
7817,470
7818,797
7819,526
7820,594
7821,670
7822,595
7823,488
7824,970
7825,990
7826,776
7827,282
7828,909
7829,334
7830,813
7831,894
7832,292
7833,437
7834,54
7835,844
7836,115
7837,885
7838,126
7839,257
7840,78
7841,750
7842,941
7843,77
7844,50
7845,751
7846,956
7847,259
7848,894
7849,190
7850,902
7851,542
7852,93
7853,850
7854,944
7855,799
7856,270
7857,507
7858,462
7859,627
7860,332
7861,360
7862,409
7863,262
7864,372
7865,463
7866,749
7867,474
7868,53
7869,358
7870,817
7871,506
7872,591
7873,334
7874,687
7875,239
7876,516
7877,711
7878,471
7879,369
7880,254
7881,674
7882,147
7883,588
7884,831
7885,347
7886,395
7887,104
7888,288
7889,441
7890,657
7891,905
7892,497
7893,315
7894,710
7895,575
7896,392
7897,394
7898,516
7899,397
7900,385
7901,713
7902,178
7903,515
7904,367
7905,977
7906,754
7907,739
7908,688
7909,254
7910,640
7911,283
7912,439
7913,552
7914,68
7915,201
7916,245
7917,71
7918,488
7919,292
7920,542
7921,394
7922,358
7923,108
7924,445
7925,974
7926,514
7927,289
7928,476
7929,818
7930,122
7931,640
7932,334
7933,455
7934,345
7935,116
7936,664
7937,445
7938,974
7939,141
7940,368
7941,913
7942,444
7943,469
7944,739
7945,170
7946,980
7947,565
7948,473
7949,652
7950,639
7951,396
7952,616
7953,462
7954,758
7955,754
7956,156
7957,933
7958,387
7959,980
7960,453
7961,845
7962,377
7963,254
7964,82
7965,485
7966,91
7967,601
7968,513
7969,155
7970,755
7971,133
7972,410
7973,797
7974,74
7975,706
7976,581
7977,592
7978,352
7979,477
7980,656
7981,958
7982,633
7983,566
7984,458
7985,22
7986,737
7987,456
7988,308
7989,977
7990,533
7991,516
7992,132
7993,511
7994,366
7995,636
7996,175
7997,201
7998,706
7999,734
8000,610
8001,954
8002,122
8003,254
8004,159
8005,130
8006,804
8007,905
8008,821
8009,538
8010,231
8011,487
8012,783
8013,984
8014,810
8015,121
8016,300
8017,358
8018,383
8019,452
8020,780
8021,286
8022,518
8023,737
8024,237
8025,647
8026,724
8027,126
8028,475
8029,728
8030,169
8031,50
8032,839
8033,777
8034,379
8035,207
8036,163
8037,336
8038,592
8039,690
8040,686
8041,343
8042,934
8043,332
8044,282
8045,361
8046,283
8047,879
8048,371
8049,468
8050,490
8051,28
8052,405
8053,702
8054,703
8055,725
8056,805
8057,570
8058,332
8059,52
8060,711
8061,686
8062,307
8063,948
8064,558
8065,939
8066,732
8067,546
8068,931
8069,197
8070,561
8071,222
8072,143
8073,389
8074,412
8075,862
8076,954
8077,547
8078,859
8079,940
8080,55
8081,845
8082,662
8083,586
8084,198
8085,620
8086,395
8087,113
8088,913
8089,234
8090,701
8091,696
8092,516
8093,431
8094,157
8095,850
8096,967
8097,692
8098,182
8099,833
8100,889
8101,951
8102,938
8103,538
8104,631
8105,120
8106,269
8107,790
8108,698
8109,93
8110,742
8111,809
8112,138
8113,712
8114,962
8115,605
8116,864
8117,906
8118,637
8119,974
8120,199
8121,87
8122,607
8123,220
8124,828
8125,388
8126,191
8127,374
8128,536
8129,898
8130,60
8131,864
8132,478
8133,666
8134,711
8135,327
8136,235
8137,549
8138,811
8139,265
8140,49
8141,301
8142,390
8143,89
8144,304
8145,638
8146,23
8147,31
8148,189
8149,94
8150,967
8151,195
8152,860
8153,21
8154,937
8155,10
8156,767
8157,788
8158,479
8159,319
8160,99
8161,762
8162,625
8163,478
8164,734
8165,543
8166,260
8167,30
8168,709
8169,876
8170,657
8171,573
8172,929
8173,185
8174,284
8175,660
8176,49
8177,545
8178,266
8179,99
8180,481
8181,305
8182,472
8183,446
8184,411
8185,401
8186,11
8187,135
8188,616
8189,23
8190,636
8191,273
8192,150
8193,733
8194,477
8195,751
8196,513
8197,493
8198,786
8199,168
8200,593
8201,33
8202,930
8203,544
8204,658
8205,820
8206,800
8207,339
8208,271
8209,209
8210,996
8211,966
8212,399
8213,71
8214,597
8215,690
8216,692
8217,92
8218,771
8219,131
8220,321
8221,858
8222,806
8223,617
8224,315
8225,900
8226,953
8227,109
8228,596
8229,166
8230,442
8231,835
8232,165
8233,649
8234,162
8235,608
8236,419
8237,262
8238,974
8239,534
8240,877
8241,867
8242,251
8243,213
8244,753
8245,692
8246,639
8247,336
8248,460
8249,93
8250,972
8251,780
8252,465
8253,757
8254,740
8255,440
8256,17
8257,563
8258,507
8259,143
8260,930
8261,274
8262,257
8263,445
8264,165
8265,151
8266,330
8267,630
8268,847
8269,336
8270,750
8271,484
8272,333
8273,48
8274,724
8275,42
8276,289
8277,274
8278,652
8279,88
8280,684
8281,19
8282,67
8283,281
8284,556
8285,259
8286,91
8287,300
8288,40
8289,682
8290,821
8291,71
8292,471
8293,935
8294,833
8295,740
8296,91
8297,186
8298,138
8299,901
8300,117
8301,517
8302,997
8303,442
8304,480
8305,215
8306,460
8307,452
8308,905
8309,355
8310,43
8311,514
8312,142
8313,362
8314,166
8315,973
8316,537
8317,851
8318,187
8319,877
8320,47
8321,857
8322,216
8323,488
8324,285
8325,345
8326,796
8327,874
8328,778
8329,550
8330,113
8331,267
8332,340
8333,282
8334,253
8335,261
8336,143
8337,746
8338,960
8339,286
8340,732
8341,979
8342,325
8343,836
8344,245
8345,521
8346,369
8347,375
8348,174
8349,74
8350,844
8351,685
8352,434
8353,820
8354,508
8355,135
8356,602
8357,895
8358,768
8359,229
8360,28
8361,529
8362,940
8363,348
8364,229
8365,410
8366,141
8367,764
8368,919
8369,652
8370,885
8371,466
8372,171
8373,932
8374,778
8375,624
8376,537
8377,927
8378,762
8379,459
8380,649
8381,707
8382,163
8383,172
8384,546
8385,655
8386,775
8387,406
8388,266
8389,513
8390,655
8391,772
8392,756
8393,171
8394,365
8395,995
8396,576
8397,630
8398,139
8399,544
8400,277
8401,176
8402,537
8403,598
8404,301
8405,107
8406,925
8407,361
8408,923
8409,682
8410,270
8411,806
8412,304
8413,232
8414,892
8415,499
8416,659
8417,750
8418,141
8419,89
8420,783
8421,922
8422,878
8423,488
8424,689
8425,215
8426,649
8427,666
8428,791
8429,928
8430,857
8431,451
8432,265
8433,86
8434,366
8435,446
8436,384
8437,62
8438,377
8439,1
8440,199
8441,88
8442,326
8443,781
8444,274
8445,474
8446,457
8447,596
8448,48
8449,606
8450,537
8451,54
8452,178
8453,892
8454,805
8455,649
8456,508
8457,898
8458,775
8459,978
8460,824
8461,804
8462,560
8463,625
8464,74
8465,361
8466,122
8467,455
8468,880
8469,118
8470,25
8471,82
8472,350
8473,417
8474,794
8475,141
8476,226
8477,738
8478,9
8479,650
8480,50
8481,596
8482,584
8483,927
8484,243
8485,33
8486,526
8487,799
8488,679
8489,470
8490,107
8491,61
8492,859
8493,107
8494,405
8495,357
8496,604
8497,992
8498,886
8499,96
8500,33
8501,647
8502,41
8503,581
8504,318
8505,381
8506,378
8507,465
8508,331
8509,697
8510,156
8511,171
8512,526
8513,877
8514,381
8515,165
8516,332
8517,835
8518,621
8519,976
8520,243
8521,909
8522,656
8523,900
8524,708
8525,37
8526,578
8527,90
8528,651
8529,826
8530,966
8531,501
8532,300
8533,311
8534,29
8535,642
8536,705
8537,665
8538,976
8539,339
8540,714
8541,100
8542,182
8543,576
8544,692
8545,572
8546,785
8547,607
8548,987
8549,526
8550,897
8551,945
8552,176
8553,566
8554,994
8555,394
8556,639
8557,674
8558,169
8559,38
8560,830
8561,674
8562,187
8563,214
8564,924
8565,913
8566,156
8567,556
8568,893
8569,881
8570,438
8571,460
8572,443
8573,103
8574,483
8575,565
8576,510
8577,272
8578,605
8579,222
8580,965
8581,783
8582,91
8583,440
8584,883
8585,459
8586,825
8587,764
8588,825
8589,699
8590,492
8591,273
8592,629
8593,578
8594,720
8595,906
8596,995
8597,453
8598,556
8599,381
8600,249
8601,121
8602,852
8603,223
8604,866
8605,940
8606,637
8607,446
8608,626
8609,394
8610,566
8611,603
8612,683
8613,153
8614,169
8615,651
8616,769
8617,767
8618,777
8619,93
8620,29
8621,209
8622,294
8623,661
8624,416
8625,390
8626,973
8627,414
8628,271
8629,251
8630,708
8631,541
8632,309
8633,955
8634,460
8635,387
8636,118
8637,520
8638,785
8639,767
8640,979
8641,561
8642,74
8643,598
8644,618
8645,516
8646,892
8647,476
8648,862
8649,180
8650,852
8651,387
8652,116
8653,134
8654,456
8655,4
8656,91
8657,595
8658,902
8659,137
8660,407
8661,924
8662,153
8663,755
8664,6
8665,535
8666,943
8667,31
8668,684
8669,152
8670,53
8671,773
8672,400
8673,943
8674,367
8675,616
8676,108
8677,149
8678,246
8679,849
8680,230
8681,271
8682,857
8683,723
8684,285
8685,277
8686,97
8687,121
8688,171
8689,868
8690,612
8691,972
8692,776
8693,907
8694,162
8695,199
8696,958
8697,113
8698,327
8699,58
8700,611
8701,744
8702,744
8703,424
8704,792
8705,995
8706,473
8707,675
8708,748
8709,158
8710,544
8711,269
8712,950
8713,291
8714,114
8715,734
8716,107
8717,573
8718,24
8719,881
8720,771
8721,535
8722,453
8723,983
8724,328
8725,2
8726,784
8727,75
8728,511
8729,655
8730,525
8731,727
8732,503
8733,778
8734,664
8735,889
8736,879
8737,663
8738,990
8739,976
8740,194
8741,10
8742,419
8743,647
8744,506
8745,90
8746,800
8747,504
8748,250
8749,272
8750,591
8751,113
8752,431
8753,716
8754,447
8755,619
8756,718
8757,943
8758,356
8759,83
8760,917
8761,903
8762,914
8763,12
8764,533
8765,619
8766,571
8767,353
8768,535
8769,627
8770,293
8771,486
8772,183
8773,517
8774,582
8775,502
8776,500
8777,153
8778,289
8779,584
8780,492
8781,12
8782,367
8783,867
8784,277
8785,700
8786,167
8787,563
8788,343
8789,802
8790,959
8791,8
8792,572
8793,175
8794,88
8795,175
8796,926
8797,320
8798,75
8799,106
8800,382
8801,599
8802,249
8803,961
8804,162
8805,345
8806,765
8807,424
8808,192
8809,782
8810,539
8811,171
8812,600
8813,833
8814,536
8815,734
8816,645
8817,451
8818,953
8819,59
8820,565
8821,157
8822,738
8823,656
8824,831
8825,911
8826,125
8827,764
8828,244
8829,521
8830,609
8831,622
8832,915
8833,232
8834,127
8835,26
8836,396
8837,128
8838,536
8839,419
8840,841
8841,163
8842,280
8843,345
8844,238
8845,345
8846,177
8847,566
8848,728
8849,25
8850,696
8851,392
8852,555
8853,814
8854,648
8855,420
8856,576
8857,380
8858,565
8859,840
8860,42
8861,871
8862,105
8863,42
8864,932
8865,179
8866,360
8867,533
8868,303
8869,976
8870,468
8871,423
8872,509
8873,856
8874,649
8875,178
8876,833
8877,16
8878,676
8879,976
8880,814
8881,975
8882,747
8883,625
8884,886
8885,590
8886,843
8887,513
8888,836
8889,884
8890,530
8891,747
8892,746
8893,570
8894,700
8895,97
8896,931
8897,334
8898,40
8899,414
8900,590
8901,284
8902,952
8903,37
8904,198
8905,970
8906,933
8907,561
8908,554
8909,163
8910,141
8911,252
8912,521
8913,314
8914,262
8915,644
8916,884
8917,803
8918,675
8919,612
8920,856
8921,986
8922,472
8923,73
8924,652
8925,350
8926,300
8927,691
8928,87
8929,652
8930,807
8931,885
8932,501
8933,539
8934,911
8935,385
8936,195
8937,755
8938,99
8939,802
8940,165
8941,183
8942,735
8943,798
8944,693
8945,486
8946,746
8947,587
8948,128
8949,564
8950,773
8951,182
8952,898
8953,116
8954,284
8955,1000
8956,357
8957,556
8958,640
8959,86
8960,105
8961,611
8962,141
8963,688
8964,30
8965,441
8966,55
8967,388
8968,214
8969,364
8970,456
8971,585
8972,214
8973,325
8974,692
8975,605
8976,539
8977,975
8978,492
8979,20
8980,602
8981,672
8982,63
8983,148
8984,750
8985,160
8986,839
8987,781
8988,833
8989,896
8990,814
8991,972
8992,321
8993,425
8994,875
8995,25
8996,437
8997,994
8998,245
8999,684
9000,58
9001,758
9002,16
9003,533
9004,938
9005,46
9006,675
9007,518
9008,7
9009,39
9010,595
9011,325
9012,689
9013,761
9014,236
9015,737
9016,665
9017,807
9018,783
9019,19
9020,829
9021,102
9022,49
9023,967
9024,324
9025,847
9026,180
9027,648
9028,699
9029,260
9030,679
9031,976
9032,335
9033,279
9034,810
9035,840
9036,1
9037,353
9038,956
9039,556
9040,168
9041,995
9042,198
9043,932
9044,281
9045,646
9046,915
9047,946
9048,242
9049,185
9050,492
9051,492
9052,567
9053,916
9054,43
9055,736
9056,713
9057,52
9058,329
9059,414
9060,659
9061,355
9062,869
9063,554
9064,195
9065,273
9066,942
9067,232
9068,686
9069,158
9070,255
9071,400
9072,316
9073,161
9074,628
9075,813
9076,736
9077,494
9078,76
9079,650
9080,265
9081,880
9082,863
9083,156
9084,92
9085,640
9086,630
9087,1
9088,453
9089,168
9090,655
9091,38
9092,87
9093,969
9094,377
9095,746
9096,832
9097,549
9098,339
9099,612
9100,814
9101,274
9102,902
9103,392
9104,70
9105,295
9106,777
9107,24
9108,75
9109,73
9110,204
9111,623
9112,248
9113,252
9114,501
9115,148
9116,386
9117,482
9118,359
9119,276
9120,247
9121,490
9122,398
9123,353
9124,381
9125,198
9126,923
9127,143
9128,266
9129,361
9130,614
9131,924
9132,679
9133,483
9134,462
9135,636
9136,551
9137,244
9138,78
9139,96
9140,943
9141,141
9142,798
9143,638
9144,89
9145,416
9146,834
9147,619
9148,446
9149,1
9150,986
9151,475
9152,608
9153,871
9154,65
9155,360
9156,368
9157,244
9158,288
9159,434
9160,970
9161,236
9162,872
9163,94
9164,303
9165,724
9166,577
9167,139
9168,769
9169,400
9170,510
9171,105
9172,327
9173,292
9174,267
9175,410
9176,21
9177,796
9178,613
9179,37
9180,27
9181,95
9182,202
9183,536
9184,623
9185,77
9186,345
9187,332
9188,949
9189,304
9190,165
9191,83
9192,121
9193,946
9194,184
9195,912
9196,227
9197,465
9198,628
9199,761
9200,235
9201,782
9202,454
9203,190
9204,852
9205,904
9206,882
9207,566
9208,181
9209,369
9210,413
9211,587
9212,380
9213,604
9214,654
9215,658
9216,850
9217,749
9218,980
9219,460
9220,788
9221,179
9222,100
9223,58
9224,185
9225,30
9226,718
9227,683
9228,341
9229,161
9230,239
9231,300
9232,95
9233,892
9234,841
9235,293
9236,250
9237,242
9238,811
9239,394
9240,262
9241,240
9242,55
9243,11
9244,392
9245,728
9246,299
9247,922
9248,151
9249,231
9250,732
9251,232
9252,399
9253,647
9254,832
9255,876
9256,737
9257,660
9258,128
9259,602
9260,310
9261,308
9262,351
9263,990
9264,601
9265,249
9266,618
9267,97
9268,181
9269,182
9270,683
9271,808
9272,880
9273,722
9274,758
9275,403
9276,444
9277,574
9278,195
9279,419
9280,458
9281,83
9282,962
9283,871
9284,612
9285,702
9286,777
9287,617
9288,136
9289,170
9290,773
9291,894
9292,713
9293,900
9294,997
9295,973
9296,235
9297,706
9298,852
9299,445
9300,699
9301,450
9302,327
9303,693
9304,959
9305,460
9306,872
9307,152
9308,763
9309,558
9310,705
9311,64
9312,332
9313,616
9314,521
9315,626
9316,99
9317,196
9318,824
9319,628
9320,941
9321,488
9322,747
9323,108
9324,405
9325,821
9326,499
9327,447
9328,585
9329,768
9330,98
9331,977
9332,547
9333,132
9334,775
9335,120
9336,597
9337,826
9338,102
9339,153
9340,531
9341,939
9342,73
9343,578
9344,961
9345,855
9346,427
9347,623
9348,181
9349,294
9350,675
9351,113
9352,67
9353,527
9354,519
9355,351
9356,817
9357,948
9358,627
9359,955
9360,758
9361,948
9362,242
9363,920
9364,924
9365,104
9366,76
9367,11
9368,994
9369,736
9370,829
9371,223
9372,89
9373,52
9374,834
9375,227
9376,175
9377,842
9378,453
9379,7
9380,638
9381,429
9382,18
9383,290
9384,36
9385,925
9386,625
9387,732
9388,652
9389,282
9390,131
9391,741
9392,18
9393,586
9394,733
9395,190
9396,437
9397,235
9398,987
9399,185
9400,670
9401,120
9402,115
9403,495
9404,738
9405,328
9406,895
9407,52
9408,841
9409,836
9410,231
9411,215
9412,758
9413,35
9414,91
9415,645
9416,34
9417,708
9418,521
9419,498
9420,652
9421,343
9422,34
9423,400
9424,506
9425,172
9426,53
9427,275
9428,879
9429,50
9430,522
9431,295
9432,643
9433,693
9434,149
9435,807
9436,695
9437,463
9438,813
9439,143
9440,204
9441,387
9442,462
9443,13
9444,235
9445,989
9446,997
9447,959
9448,567
9449,91
9450,729
9451,426
9452,839
9453,963
9454,530
9455,229
9456,968
9457,71
9458,913
9459,327
9460,133
9461,540
9462,817
9463,343
9464,495
9465,805
9466,629
9467,279
9468,56
9469,530
9470,326
9471,987
9472,242
9473,57
9474,696
9475,1
9476,47
9477,338
9478,189
9479,154
9480,504
9481,538
9482,371
9483,835
9484,113
9485,748
9486,709
9487,146
9488,499
9489,911
9490,764
9491,469
9492,136
9493,388
9494,1000
9495,410
9496,20
9497,206
9498,488
9499,788
9500,546
9501,323
9502,318
9503,834
9504,928
9505,129
9506,60
9507,304
9508,1000
9509,667
9510,709
9511,15
9512,991
9513,964
9514,882
9515,969
9516,959
9517,201
9518,93
9519,891
9520,729
9521,575
9522,912
9523,860
9524,373
9525,542
9526,103
9527,709
9528,31
9529,489
9530,54
9531,499
9532,364
9533,942
9534,42
9535,544
9536,656
9537,800
9538,167
9539,56
9540,103
9541,643
9542,166
9543,755
9544,696
9545,804
9546,454
9547,799
9548,874
9549,942
9550,282
9551,38
9552,759
9553,119
9554,97
9555,428
9556,211
9557,569
9558,661
9559,889
9560,391
9561,401
9562,462
9563,544
9564,765
9565,27
9566,399
9567,590
9568,411
9569,610
9570,874
9571,377
9572,209
9573,215
9574,840
9575,376
9576,380
9577,340
9578,406
9579,301
9580,864
9581,495
9582,618
9583,295
9584,354
9585,348
9586,976
9587,464
9588,670
9589,785
9590,311
9591,712
9592,516
9593,889
9594,404
9595,277
9596,366
9597,316
9598,863
9599,518
9600,721
9601,272
9602,672
9603,352
9604,59
9605,431
9606,80
9607,327
9608,626
9609,184
9610,442
9611,977
9612,663
9613,4
9614,197
9615,591
9616,534
9617,88
9618,866
9619,576
9620,796
9621,286
9622,411
9623,723
9624,64
9625,212
9626,964
9627,50
9628,2
9629,741
9630,996
9631,227
9632,911
9633,151
9634,817
9635,570
9636,516
9637,576
9638,280
9639,551
9640,519
9641,335
9642,575
9643,220
9644,58
9645,347
9646,995
9647,620
9648,747
9649,761
9650,743
9651,646
9652,966
9653,852
9654,527
9655,351
9656,671
9657,599
9658,242
9659,726
9660,262
9661,963
9662,764
9663,427
9664,651
9665,198
9666,173
9667,248
9668,875
9669,56
9670,26
9671,656
9672,129
9673,625
9674,287
9675,926
9676,144
9677,460
9678,677
9679,468
9680,761
9681,712
9682,711
9683,561
9684,79
9685,798
9686,176
9687,727
9688,394
9689,475
9690,988
9691,117
9692,375
9693,88
9694,265
9695,594
9696,882
9697,983
9698,742
9699,420
9700,307
9701,189
9702,479
9703,307
9704,495
9705,156
9706,843
9707,618
9708,33
9709,479
9710,515
9711,53
9712,241
9713,513
9714,597
9715,229
9716,972
9717,32
9718,964
9719,77
9720,201
9721,861
9722,906
9723,208
9724,348
9725,246
9726,492
9727,684
9728,271
9729,663
9730,529
9731,382
9732,965
9733,195
9734,328
9735,821
9736,36
9737,36
9738,780
9739,120
9740,982
9741,118
9742,504
9743,159
9744,422
9745,111
9746,965
9747,446
9748,645
9749,330
9750,668
9751,980
9752,807
9753,673
9754,55
9755,310
9756,407
9757,877
9758,389
9759,18
9760,300
9761,450
9762,190
9763,656
9764,819
9765,566
9766,397
9767,757
9768,287
9769,951
9770,965
9771,422
9772,172
9773,956
9774,953
9775,790
9776,492
9777,724
9778,402
9779,923
9780,664
9781,69
9782,973
9783,179
9784,407
9785,411
9786,835
9787,413
9788,485
9789,155
9790,953
9791,35
9792,299
9793,240
9794,877
9795,588
9796,171
9797,977
9798,489
9799,395
9800,83
9801,19
9802,258
9803,926
9804,946
9805,693
9806,802
9807,682
9808,932
9809,389
9810,118
9811,70
9812,475
9813,192
9814,944
9815,671
9816,349
9817,204
9818,169
9819,778
9820,153
9821,608
9822,50
9823,869
9824,404
9825,467
9826,862
9827,905
9828,654
9829,427
9830,152
9831,999
9832,562
9833,413
9834,875
9835,857
9836,604
9837,661
9838,155
9839,75
9840,701
9841,847
9842,295
9843,519
9844,255
9845,728
9846,359
9847,418
9848,978
9849,831
9850,456
9851,166
9852,944
9853,765
9854,851
9855,567
9856,291
9857,839
9858,319
9859,356
9860,5
9861,114
9862,444
9863,536
9864,207
9865,614
9866,302
9867,116
9868,379
9869,896
9870,815
9871,675
9872,348
9873,516
9874,729
9875,730
9876,234
9877,189
9878,38
9879,906
9880,844
9881,29
9882,1000
9883,528
9884,467
9885,172
9886,700
9887,100
9888,778
9889,258
9890,80
9891,675
9892,181
9893,860
9894,210
9895,793
9896,519
9897,288
9898,521
9899,796
9900,70
9901,656
9902,266
9903,756
9904,18
9905,788
9906,359
9907,257
9908,469
9909,397
9910,594
9911,489
9912,590
9913,210
9914,877
9915,502
9916,283
9917,933
9918,779
9919,776
9920,229
9921,576
9922,159
9923,349
9924,345
9925,207
9926,300
9927,281
9928,31
9929,634
9930,580
9931,700
9932,481
9933,340
9934,554
9935,422
9936,319
9937,737
9938,646
9939,664
9940,574
9941,803
9942,608
9943,258
9944,844
9945,446
9946,854
9947,554
9948,821
9949,893
9950,549
9951,341
9952,949
9953,155
9954,794
9955,321
9956,95
9957,89
9958,286
9959,584
9960,951
9961,407
9962,582
9963,278
9964,370
9965,638
9966,564
9967,947
9968,737
9969,468
9970,11
9971,204
9972,696
9973,667
9974,15
9975,653
9976,856
9977,512
9978,949
9979,601
9980,719
9981,622
9982,685
9983,581
9984,707
9985,733
9986,414
9987,568
9988,761
9989,611
9990,683
9991,121
9992,603
9993,442
9994,89
9995,351
9996,991
9997,365
9998,42
9999,346
10000,464
10001,860
10002,76
10003,111
10004,676
10005,666
10006,438
10007,104
10008,64
10009,243
10010,933
10011,566
10012,488
10013,327
10014,1
10015,293
10016,72
10017,101
10018,24
10019,946
10020,368
10021,121
10022,889
10023,948
10024,324
10025,938
10026,596
10027,588
10028,72
10029,567
10030,340
10031,384
10032,875
10033,564
10034,14
10035,715
10036,180
10037,154
10038,789
10039,673
10040,216
10041,437
10042,237
10043,841
10044,138
10045,888
10046,192
10047,689
10048,289
10049,641
10050,696
10051,998
10052,212
10053,825
10054,825
10055,224
10056,984
10057,931
10058,515
10059,783
10060,811
10061,512
10062,523
10063,674
10064,953
10065,16
10066,666
10067,665
10068,636
10069,306
10070,45
10071,15
10072,569
10073,35
10074,977
10075,589
10076,201
10077,749
10078,812
10079,37
10080,759
10081,803
10082,342
10083,468
10084,266
10085,888
10086,522
10087,654
10088,752
10089,675
10090,75
10091,571
10092,907
10093,41
10094,763
10095,795
10096,63
10097,106
10098,392
10099,206
10100,482
10101,274
10102,273
10103,454
10104,301
10105,707
10106,104
10107,933
10108,82
10109,265
10110,497
10111,532
10112,587
10113,692
10114,981
10115,807
10116,465
10117,901
10118,534
10119,520
10120,200
10121,344
10122,100
10123,614
10124,787
10125,376
10126,419
10127,679
10128,211
10129,682
10130,429
10131,892
10132,738
10133,730
10134,589
